name,address,email,website,phone,postalCode
Best Western Plus Hôtel Mirabeau,"Avenue de la Gare 31, 1003 Lausanne",reservation@mirabeau.ch,http://www.mirabeau.ch/,+41213414243,1003
The secret of garden Swiss Sàrl,"Rue du Petit-Chêne 27, 1003 Lausanne",,https://www.bagelontheway.ch/,+41213110488,1003
Au Carrefour,"Rue du Midi 15, 1003 Lausanne",,,+41213239505,1003
Taiyo Sushi Bar,"Rue du Midi 4, 1003 Lausanne",,http://www.taiyo.ch/,+41213124312,1003
Ming Xuan,"Rue Caroline 5, 1003 Lausanne",,http://www.mingxuan-resto.ch/,+41213238910,1003
La Torre,"Rue de l'Ale 44, 1003 Lausanne",restaurant.latorre.lausanne@gmail.com,http://www.restaurant-latorre.ch/home.html,+41213112866,1003
Chinatown,"Rue Grand-St-Jean 1, 1003 Lausanne",,http://www.restaurantchinatown.ch/,+41213123934,1003
Au Gourmand,"Rue du Grand-Pont 18, 1003 Lausanne",,,+41213127989,1003
Karma,"Rue du Pont 22, 1003 Lausanne",,,+41213518181,1003
Restaurant Perbacco & Bottega,"Rue du Flon 12, 1003 Lausanne",perbaccooo@icloud.com,https://www.perbaccooo.com/,+41213111865,1003
le Byblos,"Rue Cheneau-de-Bourg 2, 1003 Lausanne",info@lebyblos.ch,http://www.lebyblos.ch/public/contact.php,+41213118373,1003
Manora,"Rue Pichard 3, 1003 Lausanne",,,+41213213680,1003
Au Chat Noir,"Rue Beau-Séjour 27, 1003 Lausanne",,,+41213129585,1003
Swisshallal Food Sàrl,"Avenue Louis-Ruchonnet 9, 1003 Lausanne",info@swisshallal.ch,http://www.swisshallal.ch/,+41213120422,1003
el Chiringuito,"Rue Saint-Laurent 38, 1003 Lausanne",,,+41213127347,1003
Aux 3 Tonneaux,"Rue Grand-St-Jean 18, 1003 Lausanne",,,+41213120266,1003
Côté Jardin,"Rue du Grand-Chêne 7, 1003 Lausanne",restauration@lausanne-palace.ch,,+41213313208,1003
Brasserie du Grand-Chêne,"Rue du Grand-Chêne 7, 1003 Lausanne",,,+41213313224,1003
Le Central Lausanne,"Rue Centrale 5, 1003 Lausanne",info@lecentral-lausanne.ch,https://www.central-lausanne.ch/Contact_Reservation.c.htm,+41213205575,1003
Brasserie St-Laurent,"Rue Saint-Laurent 16, 1003 Lausanne",,http://www.brasserie-saint-laurent.ch/,+41213121444,1003
Tropicana Restaurant,"Place Saint-François 2, 1003 Lausanne",,https://www.tropicana-restaurant.ch/,+41213118383,1003
Café Mozart,"Rue de la Grotte 2, 1003 Lausanne",cafe.mozart@hotmail.com,http://www.mozartcafe.ch/,+41213231030,1003
Bleu Lézard,"Rue Enning 10, 1003 Lausanne",bleulezard@littlebigfood.ch,,+41213213830,1003
Eligo,"Rue du Flon 8, 1003 Lausanne",,,+41213200003,1003
Fook Moon,"Rue Saint-Martin 9, 1003 Lausanne",,,+41213125868,1003
Hôtel de Ville,"Place de la Palud 10, 1003 Lausanne",cafedelhoteldevillelausanne@gmail.com,,+41213121012,1003
Istanbul Grill & More Lausanne,"Rue Côtes-de-Montbenon 20, 1003 Lausanne",eat@istanbul-grill.ch,https://www.istanbul-grill.ch/,+41213111493,1003
La Paix Restaurant,"Avenue Benjamin-Constant 5, 1003 Lausanne",,,+41213107171,1003
Laxmi,"Escaliers du Marché 5, 1003 Lausanne",laxmi@bluewin.ch,http://www.laxmi.ch/,+41213230313,1003
le Cyrano,"Rue de Bourg 16, 1003 Lausanne",restlecyrano@hotmail.com,,+41213121452,1003
Le Lyrique,"Rue Beau-Séjour 29, 1003 Lausanne",,,+41213128887,1003
Oh! Liban,"Avenue de la Gare 29, 1003 Lausanne",info@ohliban.ch,,+41213115756,1003
Tao-Lounge-Bar,"Rue Côtes-de-Montbenon 20, 1003 Lausanne",contact@tao-lounge-bar.ch,,+41213128818,1003
Au Couscous,"Rue Enning 2, 1003 Lausanne",info@au-couscous.ch,,+41213129800,1003
Bamee Bar,"Avenue de la Gare 32, 1003 Lausanne",,,+41213202011,1003
Bosphore,"Rue de la Louve 7, 1003 Lausanne",,,+41213110770,1003
Café des Artisans,"Rue Centrale 16, 1003 Lausanne",,,+41213110600,1003
"Café La Siesta, Aslan Ismail","Place Grand-St-Jean 2, 1003 Lausanne",,,+41213233644,1003
Café-restaurant Blackbird Downtown Diner,"Route de Bel-Air 1, 1003 Lausanne",,https://www.downtowndiner.ch/,+41213127224,1003
Chez Xu 2,"Rue du Petit-Chêne 27, 1003 Lausanne",,,+41213207268,1003
Coccinelle Café,"Rue Pichard 20, 1003 Lausanne",,,+41213120890,1003
Gertrude Café,"Rue Caroline 12, 1003 Lausanne",,,+41213113648,1003
l'Orchidée,"Rue de l'Ale 25, 1003 Lausanne",,,+41213128626,1003
Le Fraisier,"Ruelle Grand-St-Jean 9, 1003 Lausanne",f_ribeiro@bluewin.ch,http://www.lefraisier.ch/,+41216253192,1003
Le Kiosque Saint-François,"Place Saint-François 13, 1003 Lausanne",,,+41213240505,1003
Minuit Soleil,"Rue Centrale 23, 1003 Lausanne",minuitsoleil@bluewin.ch,,+41213235364,1003
Restaurant le Tokyo,"Rue Côtes-de-Montbenon 22, 1003 Lausanne",le.tokyo.restaurant@gmail.com,,+41213110013,1003
Au Canard Pékinois,"Place Chauderon 16, 1003 Lausanne",,,+41213290323,1003
Restaurant La Muraille,"Rue de Bourg 10, 1003 Lausanne",,,+41213117002,1003
Barberousse Bar,"Rue de Genève 17, 1003 Lausanne",,,+41213230707,1003
BG Café Bongénie Brunschwig Group,"Place Saint-François 10, 1003 Lausanne",,,+41213452745,1003
Cavallo Bianco,"Place Chauderon 24, 1003 Lausanne",,,+41216250970,1003
Chez ma Cousine,"Place Pépinet 1, 1003 Lausanne",,,+41213114868,1003
Culture Café,"Rue de Genève 6, 1003 Lausanne",,,+41212138547,1003
Eat Me Restaurant & Coktail Lounge,"Rue Pépinet 3, 1003 Lausanne",,,+41213117659,1003
Ephese,"Rue Neuve 4, 1003 Lausanne",,,+41213118209,1003
Grütli,"Rue Mercerie 4, 1003 Lausanne",,,+41213129493,1003
Holy Cow ! Gourmet Burger Company SA,"Rue Cheneau-de-Bourg 17, 1003 Lausanne",,,+41213122404,1003
La Suite,"Rue du Petit-Chêne 28, 1003 Lausanne",,,+41213206030,1003
Lausanne CFF Subway,"Place de la Gare, 1003 Lausanne",,,+41215550260,1003
Ma-Jong SA,"Escaliers du Grand-Pont 3, 1003 Lausanne",,,+41213290525,1003
restaurant du Bourg,"Rue de Bourg 51, 1003 Lausanne",,,+41213231423,1003
Saint Pierre,"Galeries Benjamin-Constant 1, 1003 Lausanne",,,+41213233636,1003
Sushi Shop Lausanne Sàrl,"Galerie Saint-François A, 1003 Lausanne",,,+41900826826,1003
Vapiano,"Place de la Gare 4, 1003 Lausanne",,,+41213204848,1003
Song Phi Nong Traiteur,"Rue Beau-Séjour 27, 1003 Lausanne",songphinongtraiteur@gmail.com,https://www.songphinongtraiteur.com/,+41213121305,1003
Obeirut restaurant,"Rue Bellefontaine 2, 1003 Lausanne",,,+41213491010,1003
Barbecue Coréen - Au Gourmand,"Avenue Louis-Ruchonnet 26, 1003 Lausanne",augourmand@bluewin.ch,,+41213115474,1003
7 Kings Curry,"Rue du Grand-Pont 18, 1003 Lausanne",,,+41213115594,1003
Giraf restaurant Vieux-Lausanne,"Rue Pierre-Viret 6, 1003 Lausanne",vieuxlo@vtxnet.ch,,+41213235390,1003
Café Restaurant New Delhi,"Avenue Louis-Ruchonnet 2, 1003 Lausanne",,,+41213236461,1003
Code bar restaurant Sàrl,"Avenue Louis-Ruchonnet 2, 1003 Lausanne",,,+41213124477,1003
Palace Sushi Zen,"Rue du Grand-Chêne 7, 1003 Lausanne",,,+41213313988,1003
Restaurant L'Echo Sàrl,"Rue de Bourg 13, 1003 Lausanne",,,+41213120808,1003
Restaurant Le Vieux-Lausanne,"Rue Pierre-Viret 6, 1003 Lausanne",vieuxlo@vtxnet.ch,,+41213235390,1003
Café-Restaurant à l’étage,1003 Lausanne,,,,1003
La Pinte Besson,"Rue de l'Ale 4, 1003 Lausanne",,,+41213125969,1003
Luigia - Restaurant Pizzeria,"Rue Saint-Pierre 3, 1003 Lausanne",,,+41215520303,1003
McDonald's Restaurant,"Rue Saint-Laurent 20, 1003 Lausanne",,,+41213204679,1003
McDonald's Restaurant,"Rue de Bourg 47, 1003 Lausanne",,,+41213110022,1003
Migros Restaurant Métropole,"Rue des Terreaux 25, 1003 Lausanne",,,+41585735080,1003
Restaurant & Bar 'Chez elle',"Passage Saint-François 2, 1003 Lausanne",,,+41217296520,1003
Restaurant Isshin,"Place Chauderon 30, 1003 Lausanne",,,+41216248221,1003
Restaurant Jacques,"Rue Beau-Séjour 15, 1003 Lausanne",,,+41215448875,1003
Restaurant l'Esprit Bistrot - Hôtel Alpha-Palmiers,"Rue du Petit-Chêne 34, 1003 Lausanne",,,+41215555991,1003
Restaurant le Jardin Thaï - Hôtel Alpha-Palmiers,"Rue du Petit-Chêne 34, 1003 Lausanne",r@byf.ch,,+41215555990,1003
Uchitomi SA,"Ruelle Grand-St-Jean 5, 1003 Lausanne",,,+41213124001,1003
Hôtel du Raisin,"Place de la Palud 19, 1003 Lausanne",info@leraisin-lausanne.ch,,+41213122756,1003
Uchitomi SA,"Rue Grand-St-Jean 4, 1003 Lausanne",,http://www.uchitomi.ch/,+41213124001,1003
Cuppin's Minedine & Co Sàrl,"Rue du Petit-Chêne 20, 1003 Lausanne",info@cuppins.ch,,+41213110373,1003
La BOUCHE qui RIT Madeleine,"Rue Madeleine 10, 1003 Lausanne",,,+41213119595,1003
Pz Pizza,"Rue Grand-St-Jean 5, 1003 Lausanne",info@pzpizza.ch,,+41213128282,1003
Yatus - Lausanne,"Rue du Petit-Chêne 11, 1003 Lausanne",lausanne@yatus.ch,,+41213124501,1003
Myò Sushi,"Allée Ernest-Ansermet 1, 1003 Lausanne",,,+41213232288,1003
Coop,"Rue Saint-Laurent 24-30, 1003 Lausanne",,,+41213217070,1003
GeA Gelateria Artigianale Sàrl,"Rue Enning 8, 1003 Lausanne",gea.gelato@gmail.com,,+41213116400,1003
Mexicana - Traiteur Mexicain,"Rue Centrale 5, 1003 Lausanne",mexicanalausanne@gmail.com,,+41782594636,1003
NOLF Bar,"Rue du Port-Franc 11, 1003 Lausanne",,https://www.facebook.com/NOLF-bar-2235250676802502,+41213110497,1003
Pouly,"Rue Centrale 5, 1003 Lausanne",,,+41213125294,1003
Pouly,"Rue de la Grotte 1, 1003 Lausanne",,,+41213126837,1003
Pouly,"Rue du Petit-Chêne 1, 1003 Lausanne",,,+41213123153,1003
Sushi Metropole,"Rue des Terreaux 25, 1003 Lausanne",,,+41213318888,1003
The Great Escape,"Rue Madeleine 18, 1003 Lausanne",,,+41213123194,1003
Bar Le 20,"Rue du Petit-Chêne 11, 1003 Lausanne",,,,1003
Be Oh! Sàrl,"Rue de Bourg 16-20, 1003 Lausanne",contact@beoh.ch,,+41213110220,1003
Bibibowl,"Place Grand-St-Jean 2, 1003 Lausanne",info@bibibowl.ch,,+41212192915,1003
Blackbird Downtown Diner,"Route de Bel-Air 1, 1003 Lausanne",,,,1003
Boky,"place de la Gare 2, 1003 Lausanne",,,+41213127030,1003
Cafe Barath,"Rue Pichard 8, 1003 Lausanne",kabinan@gmail.com,,+41213115612,1003
Cafe Enning,"Rue Enning 10 bis, 1003 Lausanne",lausanne@ecocafe.ch,,+41213110953,1003
Chez Jaime,"Rue de l'Ale 43, 1003 Lausanne",,,,1003
Churrasco,"Rue de Bourg 51, 1003 Lausanne",,,+41213231423,1003
Cipollino,"Passage Saint-François 2, 1003 Lausanne",,,,1003
Cipriano - wine & ham,"Rue du Port-Franc 11, 1003 Lausanne",drink@cipriano-bar.ch,,+41215330015,1003
Coin Cafe,"Rue Caroline 17, 1003 Lausanne",info@coincafe.ch,,,1003
Dong Fang,"Avenue de la Gare 20, 1003 Lausanne",,,+41213127030,1003
Galerie Port Franc,"Rue Côtes-de-Montbenon 14, 1003 Lausanne",galerieportfranc@bluewin.ch,,+41786391058,1003
Happy Days,"Rue Saint-Pierre 3, 1003 Lausanne",,,+41213240606,1003
INGLEWOOD - Saint-Laurent,"Rue Saint-Laurent 14, 1003 Lausanne",inglewood.burgers@gmail.com,,+41213236388,1003
King Size Pub,"Rue du Port-Franc 16, 1003 Lausanne",,,,1003
L'Arrosoir,"Rue Centrale 23, 1003 Lausanne",,,,1003
L'Etoile Blanche,"Place Benjamin-Constant 2, 1003 Lausanne",contact@etoileblanche.ch,,+41213512460,1003
la Bruschetta,"Avenue de la Gare 20, 1003 Lausanne",,,+41213125734,1003
La Gazelle,"Rue de l'Ale 35, 1003 Lausanne",lagazellelausanne@gmail.com,,+41213112445,1003
La Mecanique des Fluides,"Rue du Midi 20, 1003 Lausanne",lamecadesfluides@gmail.com,,+41787096161,1003
Le Barock,"Rue du Port-Franc 11, 1003 Lausanne",reservation@lebarock.ch,,+41213235252,1003
le National,"Rue Neuve 13, 1003 Lausanne",,,+41213122262,1003
Le Perroquet,"Ruelle du Flon 4, 1003 Lausanne",,,,1003
Le Spot,"Rue du Midi 12, 1003 Lausanne",hello@le-spot.ch,,+41213573827,1003
Leonardo Mangi Sano Vivi Bene,"Voie du Chariot 6, 1003 Lausanne",,,+41213114970,1003
Les Jardins De Pam,"Rue Côtes-de-Montbenon 20, 1003 Lausanne",info@jardinsdepam.ch,,+41213112955,1003
Little Persia,"Avenue Louis-Ruchonnet 7, 1003 Lausanne",info@little-persia.ch,,+41213573857,1003
Longhorn,"Rue Saint-Pierre 3, 1003 Lausanne",reservation@longhornsteakhouse.ch,,+41213240606,1003
Luncheonette,"Rue Grand-St-Jean 5, 1003 Lausanne",info@luncheonette.ch,,+41789125510,1003
Mizumiy,"Rue du Grand-Pont 8, 1003 Lausanne",mizumiy@ro.ru,,+41212113534,1003
Nomade,"Place de l'Europe 9, 1003 Lausanne",contact@restaurantnomade.ch,,+41213201313,1003
P'tit Resto,"Place de l'Europe, 1003 Lausanne",,,+41275465432,1003
Pida Bar,"Rue de la Louve 12, 1003 Lausanne",info@pidabar.com,,+41213119193,1003
Plant Smart,"Rue de Genève 17, 1003 Lausanne",info@plantsmart.ch,,+41215589026,1003
Royal India,"Rue Chaucrau 14, 1003 Lausanne",,,+41213116747,1003
Snack De La Gare,"Avenue Louis-Ruchonnet 9, 1003 Lausanne",info@swisshallal.ch,,+41213121014,1003
Street Cellar,"Rue du Port-Franc 2, 1003 Lausanne",,,,1003
TACO'S BAR SA,"Rue de Genève 17, 1003 Lausanne",info@tacos-bar.ch,,+41213201525,1003
Tartares & Co Lausanne,"Rue de Genève 7, 1003 Lausanne",,,,1003
The Hideaway,"Rue Cheneau-de-Bourg 1, 1003 Lausanne",,,,1003
THE HILL SA,"Rue de Bourg 39, 1003 Lausanne",,,+41213119173,1003
The Manhattan,"Rue de Genève 17, 1003 Lausanne",,,,1003
The Pancakes Mafia,"Rue des Terreaux 4, 1003 Lausanne",info@thepancakesmafia.ch,,+41213111979,1003
Ticino,"Place de la Gare 12, 1003 Lausanne",info@leticino.ch,,+41213203204,1003
Uncle Gau,"Galerie Saint-François, 1003 Lausanne",,,,1003
Wawa's Asian Kitchen,"Rue du Port-Franc 8, 1003 Lausanne",mhng96@gmail.com,,+41786753111,1003
Xpresso Cafe,"Rue des Terreaux 23, 1003 Lausanne",J.girardot@windowslive.com,,+41213119981,1003
YummiKa - Bar A Jus de Fruits,"Rue Enning 6, 1003 Lausanne",yummyk.juicefood@gmail.com,,+41799159192,1003
Artishow Bar Gallery,"Rue Côtes-de-Montbenon 5, 1003 Lausanne",team@artishow.ch,,+41212183043,1003
Asia Express Chen,"Avenue Louis-Ruchonnet 1, 1003 Lausanne",lucie86@163.com,,+41213129892,1003
Association Histoires Urbaines,"Rue Côtes-de-Montbenon 28, 1003 Lausanne",,,+41213115194,1003
Atelier des Gourmands,"Rue Mercerie 14, 1003 Lausanne",,,+41213112423,1003
Au Monopole,"Place Chauderon 8, 1003 Lausanne",,,,1003
Aux Trois Tonneaux,"Rue Grand-St-Jean 18, 1003 Lausanne",zuzanna@aux-trois-tonneaux.ch,,+41213120266,1003
Bar Tabac,"Rue Beau-Séjour 7, 1003 Lausanne",,,+41213123316,1003
Bella Vita,"Avenue de la Gare 52, 1003 Lausanne",,,+41213121260,1003
Bluebird Café,"Rue Centrale 29, 1003 Lausanne",,,+41213115760,1003
Brasserie de Montbenon,"Allée Ernest-Ansermet 3, 1003 Lausanne",,,+41213204030,1003
Brasseurs (les),"Rue Centrale 4, 1003 Lausanne",,,+41213511424,1003
Brezelkönig SA,"Place de la Gare 5A, 1003 Lausanne",,,+41213112120,1003
Bulldog Bar et Resto,"Rue du Port-Franc 17, 1003 Lausanne",info@bulldogbar.ch,,+41213119933,1003
Burger King,"Rue du Grand-Pont 10, 1003 Lausanne",,,+41213123337,1003
Café Romand,"Place Saint-François 2, 1003 Lausanne",,,+41213126375,1003
Caffè Spettacolo,1003 Lausanne,,,,1003
CDM hôtels et restaurants SA,"Rue du Grand-Pont 2B, 1003 Lausanne",info@cdmgroup.ch,,+41216131000,1003
Chez Mario,"Rue de Bourg 28, 1003 Lausanne",info@chezmario.ch,,+41213237404,1003
Chez Tony,"Rue de Bourg 39, 1003 Lausanne",,,+41213120995,1003
chocolaterie Angehrn,"Rue Pichard 11, 1003 Lausanne",,,+41213128850,1003
Coffee Page,"Rue du Midi 20, 1003 Lausanne",contact@coffee-page.ch,,+41212113238,1003
Couloir Cache,"Rue du Flon 12, 1003 Lausanne",couloircache@hotmail.com,,+41213112097,1003
Crazy Wolf,"Rue Haldimand 9, 1003 Lausanne",,,+41213234000,1003
Crêperie La Chandeleur,"Rue Mercerie 9, 1003 Lausanne",,,+41213128419,1003
Da Carlo,"Rue Caroline 2, 1003 Lausanne",,,+41213237575,1003
Duke's bar Sàrl,"Rue du Flon 12, 1003 Lausanne",,,+41213113860,1003
EasyFood,"Place Bel-Air 18, 1003 Lausanne",,,,1003
Ernest - L'Epicerie,"Rue Cheneau-de-Bourg 17, 1003 Lausanne",,,+41215463111,1003
Euro Café,"lausanne gare, 1003 Lausanne",,,+41917574372,1003
Eva's Sandwich House,"Rue du Petit-Chêne 27, 1003 Lausanne",,,+41213119905,1003
Five Guys,"Place Saint-François 17, 1003 Lausanne",,,+41213125252,1003
Fleur de Pains SA,1003 Lausanne,,,+41216138011,1003
Friend's Cafe,"Place de l'Europe 6, 1003 Lausanne",,,+41213313939,1003
Fruit for Thought,1003 Lausanne,,,,1003
GeA Gelateria Artigianale,"Rue Enning 8, 1003 Lausanne",gea.gelato@gmail.com,,+41213116400,1003
Giga Tacos,"Rue de l'Ale 2, 1003 Lausanne",,,+41215466100,1003
Green Up Natural Food Sàrl,"Rue Mercerie 12, 1003 Lausanne",,,+41786919127,1003
Holy Cow ! Gourmet Burger Company SA,"Rue des Terreaux 10, 1003 Lausanne",,,+41213122404,1003
Hôtel Alpha-Palmiers by Fassbind,"Rue du Petit-Chêne 34, 1003 Lausanne",ap@byf.ch,,+41215555999,1003
Il Corso,"Rue de Bourg 29, 1003 Lausanne",,,+41213128809,1003
Intrigo,"Rue Pichard 11, 1003 Lausanne",,,+41263221662,1003
Kawaya noodle bar,"Rue du Petit-Chêne 22, 1003 Lausanne",,,+41213123651,1003
Kawaya Ramen,"Rue du Petit-Chêne 22, 1003 Lausanne",,,+41213123651,1003
Kentucky Fried Chicken,"Place de l'Europe 9, 1003 Lausanne",,,+41212113925,1003
Kony Bubble Tea Taiwan,"Escaliers du Grand-Pont 5, 1003 Lausanne",,,,1003
L'abordage Angolo Pizza,"Avenue Georgette 2, 1003 Lausanne",,,+41213128512,1003
La Bavaria Sàrl,"Rue du Petit-Chêne 10, 1003 Lausanne",,,+41213233913,1003
La Caleta,"Rue de l'Ale 15, 1003 Lausanne",,,+41213110945,1003
la Croquignole,"Rue de l'Ale 16, 1003 Lausanne",,,+41213120040,1003
La Grappe d'Or,"Rue Cheneau-de-Bourg 3, 1003 Lausanne",,,+41213113970,1003
Le 5ème,"Rue Centrale 9, 1003 Lausanne",info@lecinq.ch,,+41213124011,1003
Le 888,"Rue du Grand-Pont 18, 1003 Lausanne",,,+41213110789,1003
Le Fermier Suisse,"Ruelle du Flon 12, 1003 Lausanne",,,+41795018998,1003
Le Pain Quotidien,"Place de la Gare 2, 1003 Lausanne",,,+41213114608,1003
Le Pointu,"Rue Neuve 2, 1003 Lausanne",hello@le-pointu.ch,,+41213511414,1003
Le Pret-A-Manger du Flon,"Rue du Port-Franc 22, 1003 Lausanne",,,+41213201410,1003
Legends Sports Bar,"Rue Côtes-de-Montbenon 20, 1003 Lausanne",,,+41213112955,1003
les Gosses du Québec,"Avenue de la Gare 22, 1003 Lausanne",,,+41213232828,1003
Liggs Pasta Sàrl,"Rue du Midi 2, 1003 Lausanne",,,+41213245000,1003
Lucien Moutarlier,"Place de la Palud 7, 1003 Lausanne",,,+41213200062,1003
Mad Cafe,"Rue de Genève 23, 1003 Lausanne",hello@mad-cafe.ch,,+41213406970,1003
Maison Buet,"Rue Grand-St-Jean 6, 1003 Lausanne",,,+41213126290,1003
Manora fresh to go,1003 Lausanne,,,,1003
Marutcha,"Rue de la Grotte 4, 1003 Lausanne",marutcha@posteo.net,,+41215213765,1003
Mauro traiteur,"Rue de l'Ancienne-Douane 4, 1003 Lausanne",,,+41213231667,1003
McCarthy's Irish Pub,"Place Pépinet 1, 1003 Lausanne",info@mccarthysirishpub.ch,,+41213129333,1003
McDonald's Suisse Restaurants Sàrl,"Place de la Gare 4, 1003 Lausanne",,,+41213204851,1003
MELAZIC SA,"Rue Madeleine 12, 1003 Lausanne",,,+41216248079,1003
Mezzo Di Pasta,"Rue de la Louve 1, 1003 Lausanne",,,+41213117430,1003
Micky's House,"Rue Cheneau-de-Bourg 9, 1003 Lausanne",,,+41213515252,1003
Mido,"Rue de l'Ale, 1003 Lausanne",,,+41768163558,1003
Mix-Image SA,"Rue du Petit-Saint-Jean 3, 1003 Lausanne",,,+41213511721,1003
Monochrome,"Rue Madeleine 18, 1003 Lausanne",,,,1003
MOVIDA & POCO LOCO,"Place Chauderon 5, 1003 Lausanne",,,+41213291111,1003
My Sandwiches,"Rue Saint-Martin 9, 1003 Lausanne",,,+41213120232,1003
N2O,"Place de l'Europe 7, 1003 Lausanne",,,+41213114427,1003
Nandanam Sàrl,"Avenue Louis-Ruchonnet 11, 1003 Lausanne",,,+41213122300,1003
Nice Restobar SARL,"Rue du Petit-Chêne 22, 1003 Lausanne",,,+41219220028,1003
Palm Bar,"Rue du Petit-Chêne 34, 1003 Lausanne",ap@byf.ch,,+41215555999,1003
Pidabar Takeaway,"Rue de la Louve 12, 1003 Lausanne",,,+41213119193,1003
Pizza Avenue Sàrl,"Rue du Grand-Pont 18, 1003 Lausanne",,,+41215523366,1003
Pizzeria Bella Vita,"Avenue de la Gare 52, 1003 Lausanne",omar.jadban@me.com,,+41213121260,1003
Pois Chic,"Rue de Bourg 10, 1003 Lausanne",info@poischic.ch,,+41213117002,1003
Popers,"Place Grand-St-Jean, 1003 Lausanne",popers-food@hotmail.com,,+41788348887,1003
Prince d'Egypte,"Rue Centrale 21, 1003 Lausanne",elmelegy.ali@gmail.com,,+41213233253,1003
Sabor Latino,"Rue Saint-Martin 7, 1003 Lausanne",,,,1003
Sandwicherie vietnamienne Olimy Grand-pont,"Rue du Grand-Pont 4, 1003 Lausanne",,,+41218889795,1003
SegaFredo,"Rue Saint-François 2, 1003 Lausanne",,,+41213128844,1003
Shanti,"Avenue de la Gare 10, 1003 Lausanne",contact@shanti-restaurant.ch,,+41213237480,1003
SNAP,1003 Lausanne,,,,1003
Speed Food,"Place de la Gare, 1003 Lausanne",,,+41213113064,1003
Starbucks,"Place de la Gare 2, 1003 Lausanne",,,+41213120702,1003
Starbucks,"Place Saint-François 3, 1003 Lausanne",,,+41213207020,1003
Starbucks,"Rue Saint-Laurent 19, 1003 Lausanne",,,+41213116151,1003
Street Kitchen Cafe,"Rue Centrale 25, 1003 Lausanne",streetkitchencafe@gmail.com,,+41218889620,1003
Sushi King,"Galerie Saint-François A, 1003 Lausanne",,,+41216344592,1003
Sushi King,"Sis Galerie St-Francois A, 1003 Lausanne",,,+41216344592,1003
Swiss Wine Bar,"Rue Caroline 5, 1003 Lausanne",sw@byf.ch,,+41213202141,1003
Tekoe,1003 Lausanne,,,,1003
Thaï Orchidée,"Rue du Port-Franc 16, 1003 Lausanne",,,+41213125203,1003
The Coffee Project,"Rue du Grand-Pont 4, 1003 Lausanne",hello@thecoffeeproject.ch,,+41213114648,1003
The Green Van Company,"Rue de Genève 17, 1003 Lausanne",info@thegreenvan.ch,,+41799450069,1003
Tibits Lausanne,"Place de la Gare 11, 1003 Lausanne",info@tibits.ch,,+41325313888,1003
Viita Food,"Place Chauderon 18, 1003 Lausanne",info@viitafood.ch,,+41798613555,1003
Vintage Wine Bar Sàrl,"Rue de Langallerie 7, 1003 Lausanne",,,+41213122092,1003
Wellson,"Rue du Flon 12, 1003 Lausanne",,,+41213115451,1003
SUSHIZEN Palace,"Rue du Grand-Chêne 7, 1003 Lausanne",restauration@lausanne-palace.ch,,+41213313988,1003
Chiché Architectes SA,"Rue des Terreaux 8, 1003 Lausanne",architectes@chiche.ch,http://www.chiche.ch/,+41213515060,1003
Carte Blanche SA,"Rue Caroline 2, 1003 Lausanne",,,+41213213838,1003
Hotelis SA,"Rue Caroline 5, 1003 Lausanne",infolausanne@hotelis.ch,,+41213452020,1003
Michalak Zdzislaw,"Rue Caroline 14, 1003 Lausanne",,,+41213236635,1003
Lausanne Palace,"Rue du Grand-Chêne 7-9, 1003 Lausanne",,http://www.lausanne-palace.ch/,+41213313131,1003
MANOR,"Rue Pichard 3, 1003 Lausanne",,,+41213213699,1003
MANOR Grands Magasins,"Rue Pichard 3, 1003 Lausanne",,,+41213213699,1003