name,address,email,website,phone,postalCode
Best Western Plus Hôtel Mirabeau,"Avenue de la Gare 31, 1003 Lausanne",reservation@mirabeau.ch,http://www.mirabeau.ch/,+41213414243,1011
White Horse,"Avenue d'Ouchy 66, 1006 Lausanne",,http://www.whitehorse.ch/,+41216167575,1011
Vertigo by Anna,"Avenue des Bains 4C, 1007 Lausanne",,,+41766152884,1011
The secret of garden Swiss Sàrl,"Rue du Petit-Chêne 27, 1003 Lausanne",,https://www.bagelontheway.ch/,+41213110488,1011
au Charbon,"Avenue de Chailly 13, 1012 Lausanne",,http://www.pizzacharbon.ch/,+41216520793,1011
"Berges de Vidy, les","Chemin du Camping 3, 1007 Lausanne",,http://www.clv.ch/,+41216225005,1011
57° Grill,"Place du Port 2, 1006 Lausanne",,http://www.chateaudouchy.ch/,+41213313232,1011
Suprême Tacos - Offre 30%,"Rue du Simplon 16, 1006 Lausanne",,https://www.ubereats.com/ch-fr/lausanne/food-delivery/supreme-tacos-lausanne-centre/FDdIfbB3RLWX6LGvpHF-_w,+41213574707,1011
Au Carrefour,"Rue du Midi 15, 1003 Lausanne",,,+41213239505,1011
Restaurant HOIAN BBQ,"Chemin des Pêcheurs 7, 1007 Lausanne",hoianrestaurant.bbq@gmail.com,http://hoianbbq.com/,+41216177151,1011
la Nonna,"Rue du Maupas 17, 1004 Lausanne",,http://www.pizzeria-lanonna.ch/,+41216465412,1011
Origin'L Tacos,"Avenue Bergières 20, 1004 Lausanne",,https://www.originl.ch/,+41223000206,1011
Taiyo Sushi Bar,"Rue du Midi 4, 1003 Lausanne",,http://www.taiyo.ch/,+41213124312,1011
café restaurant Le Valentin,"Rue du Valentin 30, 1004 Lausanne",,,+41213121300,1011
Restaurant Osteria Balsamico Sàrl,"Avenue d'Ouchy 14, 1006 Lausanne",info@osteriabalsamico.ch,http://www.osteriabalsamico.ch/,+41216160121,1011
Restaurant Le Chalet du Désert,"Chemin de Pierrefleur 74, 1004 Lausanne",info@chaletdudesert.ch,http://www.chaletdudesert.ch/,+41215565507,1011
Ming Xuan,"Rue Caroline 5, 1003 Lausanne",,http://www.mingxuan-resto.ch/,+41213238910,1011
Le Montelly,"Chemin de Montelly 1, 1007 Lausanne",,http://lemontelly.ch/,+41216250352,1011
le Milan,"Boulevard de Grancy 54, 1006 Lausanne",,https://www.lemilan.ch/,+41216165343,1011
La Torre,"Rue de l'Ale 44, 1003 Lausanne",restaurant.latorre.lausanne@gmail.com,http://www.restaurant-latorre.ch/home.html,+41213112866,1011
Chinatown,"Rue Grand-St-Jean 1, 1003 Lausanne",,http://www.restaurantchinatown.ch/,+41213123934,1011
Keyann Bistrot Libanais,"Avenue Frédéric-César-de-la-Harpe 43B, 1007 Lausanne",info@keyann.ch,https://bistro-keyann.ch/,+41216010070,1011
Café Restaurant Rodizio le Mont-d'or,"Chemin de Contigny 1, 1007 Lausanne",rodiziogrill.lausanne@gmail.com,http://www.restaurant-lemontdor.ch/,+41216170010,1011
Ristorante St Paul,"Avenue d'Echallens 72, 1004 Lausanne",ristorante.st.paul@gmail.com,http://www.ristorante-st-paul.ch/,+41215447391,1011
Restaurant Chalet Suisse,"Route du Signal 40, 1018 Lausanne",info@chaletsuisse.ch,https://www.chaletsuisse.ch/,+41213122312,1011
Café L'Evêché,"Rue Louis-Curtat 4, 1005 Lausanne",,http://www.leveche.ch/public/index.php,+41213239323,1011
Dun-Huang,"Chemin de Pierrefleur 40, 1004 Lausanne",kuifungfung@gmail.com,http://www.dun-huang.ch/,+41216460202,1011
Chez Xu 1,"Rue du Tunnel 10, 1005 Lausanne",,,+41213124087,1011
L'étoile blanche,"Avenue du Tribunal-Fédéral 1, 1005 Lausanne",,,+41213512460,1011
Au Gourmand,"Rue du Grand-Pont 18, 1003 Lausanne",,,+41213127989,1011
Café des Avenues Sàrl,"Avenue de Jurigoz 20, 1006 Lausanne",,http://www.cafe-des-avenues.ch/,+41216161111,1011
Hôtel Restaurant du Port,"Place du Port 5, 1006 Lausanne",info@hotel-du-port.ch,http://www.hotel-du-port.ch/,+41216120444,1011
Karma,"Rue du Pont 22, 1003 Lausanne",,,+41213518181,1011
La Couronne d'Or,"Rue des Deux-Marchés 13, 1005 Lausanne",,,+41213113817,1011
Restaurant Perbacco & Bottega,"Rue du Flon 12, 1003 Lausanne",perbaccooo@icloud.com,https://www.perbaccooo.com/,+41213111865,1011
le Cazard,"Rue Pré-du-Marché 15, 1004 Lausanne",,,+41213129687,1011
le Byblos,"Rue Cheneau-de-Bourg 2, 1003 Lausanne",info@lebyblos.ch,http://www.lebyblos.ch/public/contact.php,+41213118373,1011
Manora,"Rue Pichard 3, 1003 Lausanne",,,+41213213680,1011
Au Chat Noir,"Rue Beau-Séjour 27, 1003 Lausanne",,,+41213129585,1011
Il Vesuvio,"Chemin de Lucinge 12, 1006 Lausanne",ilvesuvioristorante@gmail.com,http://www.il-vesuvio.ch/,+41217841919,1011
Café Restaurant Le Tandem,"Avenue des Mousquines 1, 1005 Lausanne",,,+41213233204,1011
Café restaurant de la Bourdonnette,"Route de Chavannes 201, 1007 Lausanne",,http://www.restaurant-de-la-bourdonnette.com/,+41216256262,1011
le Saxo,"Rue Pré-du-Marché 37, 1004 Lausanne",,,+41213234683,1011
La Sosta,"Route du Châtelard 56, 1018 Lausanne",,,+41216463142,1011
le Lapin Vert,"Ruelle du Lapin-Vert 2, 1005 Lausanne",,,+41213121317,1011
Swisshallal Food Sàrl,"Avenue Louis-Ruchonnet 9, 1003 Lausanne",info@swisshallal.ch,http://www.swisshallal.ch/,+41213120422,1011
el Chiringuito,"Rue Saint-Laurent 38, 1003 Lausanne",,,+41213127347,1011
de Tivoli,"Avenue de Tivoli 1, 1007 Lausanne",,,+41213237088,1011
Pré-Fleuri,"Avenue d'Ouchy 22, 1006 Lausanne",,,+41216166367,1011
Tennis de Montchoisi,"Avenue de l'Elysée 15, 1006 Lausanne",,,+41216169062,1011
Restaurant Shangri-La,"Avenue Gratta-Paille 2, 1018 Lausanne",,http://www.shangrila-lausanne.ch/,+41216411888,1011
Aux 3 Tonneaux,"Rue Grand-St-Jean 18, 1003 Lausanne",,,+41213120266,1011
Côté Jardin,"Rue du Grand-Chêne 7, 1003 Lausanne",restauration@lausanne-palace.ch,,+41213313208,1011
Ouchycrep SA,"Place du Port 7, 1006 Lausanne",,http://www.ouchycrep.ch/,+41216162607,1011
Brasserie du Grand-Chêne,"Rue du Grand-Chêne 7, 1003 Lausanne",,,+41213313224,1011
Le Central Lausanne,"Rue Centrale 5, 1003 Lausanne",info@lecentral-lausanne.ch,https://www.central-lausanne.ch/Contact_Reservation.c.htm,+41213205575,1011
Restaurant du Tennis Lausanne-Sport,"Route des Plaines-du-Loup 7, 1018 Lausanne",,http://bin.staticlocal.ch/restaurant-menu/7a/7a96e4933b7895fd1473fbc319161bf182ca0471/MENU%20MERCREDI.pdf,+41216461348,1011
Restaurant Piment Rouge,"Avenue de Cour 38A, 1007 Lausanne",,http://www.restaurantslausanne.ch/piment-rouge-lausanne/,+41216164633,1011
Café LeMontriond,"Avenue Edouard-Dapples 25, 1006 Lausanne",info@lemontriond.ch,http://lemontriond.ch/,+41213121006,1011
Made in Italy Pizzeria,"Route Aloys-Fauquez 32, 1018 Lausanne",,https://pizzamadeinitaly.ch/,+41216833040,1011
Brasserie St-Laurent,"Rue Saint-Laurent 16, 1003 Lausanne",,http://www.brasserie-saint-laurent.ch/,+41213121444,1011
shangrila-epfl,"EPFL, 1015 Lausanne",vallotton.epfl@gmail.com,http://www.shangrila-epfl.ch/,+41216932069,1011
le Galion,"Chemin du Martinet 28, 1007 Lausanne",,,+41216249857,1011
ONIWA Sàrl,"Avenue de Tivoli 8, 1007 Lausanne",oniwasushi@hotmail.com,https://www.oniwa-sushi.com/,+41213126969,1011
Tropicana Restaurant,"Place Saint-François 2, 1003 Lausanne",,https://www.tropicana-restaurant.ch/,+41213118383,1011
La Riviera Lausanne-Ouchy,"Place de la Navigation 8, 1006 Lausanne",info@brasserieriviera.com,http://www.brasserieriviera.com/,+41216165309,1011
Café Mozart,"Rue de la Grotte 2, 1003 Lausanne",cafe.mozart@hotmail.com,http://www.mozartcafe.ch/,+41213231030,1011
Brasserie des Abattoirs,"Avenue du Chablais 28, 1007 Lausanne",,http://lesabattoirs.pagesjaunes.ch/,+41216611150,1011
Restaurant La Pyramide,"Route de Chavannes 35, 1007 Lausanne",info@lapyramide.ch,https://lapyramide.ch/,+41216251448,1011
Alliés (les),"Rue de la Pontaise 48, 1018 Lausanne",info@lesallies.ch,,+41216486940,1011
Bleu Lézard,"Rue Enning 10, 1003 Lausanne",bleulezard@littlebigfood.ch,,+41213213830,1011
Bollywood Bar Restaurant,"Rue de la Tour 6, 1004 Lausanne",,,+41213511818,1011
Café de Béthusy Thankavadivel,"Avenue de Béthusy 27, 1005 Lausanne",,,+41213128858,1011
Chalet des Bains,"Avenue Emile-Henri-Jaques-Dalcroze 1, 1007 Lausanne",info@chaletdesbains.ch,,+41216171919,1011
Eligo,"Rue du Flon 8, 1003 Lausanne",,,+41213200003,1011
Fook Moon,"Rue Saint-Martin 9, 1003 Lausanne",,,+41213125868,1011
Hong Yan,"Avenue du Mont-Blanc 1, 1018 Lausanne",,,+41216830022,1011
Hôtel de Ville,"Place de la Palud 10, 1003 Lausanne",cafedelhoteldevillelausanne@gmail.com,,+41213121012,1011
il Gambero,"Avenue des Figuiers 2, 1007 Lausanne",,,+41216166764,1011
Istanbul Grill & More Lausanne,"Rue Côtes-de-Montbenon 20, 1003 Lausanne",eat@istanbul-grill.ch,https://www.istanbul-grill.ch/,+41213111493,1011
Java,"Rue Marterey 36, 1005 Lausanne",,,+41213213837,1011
L'Antica Trattoria,"Rue Marterey 9, 1005 Lausanne",,,+41213121933,1011
L'Ardoise,"Avenue de Cour 4, 1007 Lausanne",contact@carltonlausanne.ch,,+41216130707,1011
la Carillère,"Route du Jorat 73, 1000 Lausanne 26",info@lacarillere.ch,http://lacarillere.ch/wordpress,+41217840425,1011
La Paix Restaurant,"Avenue Benjamin-Constant 5, 1003 Lausanne",,,+41213107171,1011
La Radio,"Route d'Oron 11, 1010 Lausanne",,,+41216521618,1011
Laxmi,"Escaliers du Marché 5, 1003 Lausanne",laxmi@bluewin.ch,http://www.laxmi.ch/,+41213230313,1011
Le Berceau des Sens,"Route de Cojonnex 18, 1000 Lausanne 25",berceaudessens@ehl.ch,,+41217851221,1011
le Cyrano,"Rue de Bourg 16, 1003 Lausanne",restlecyrano@hotmail.com,,+41213121452,1011
Le Gros Minet,"Avenue de Cour 67, 1007 Lausanne",legrosminet2016@hotmail.com,,+41216012929,1011
Le Lyrique,"Rue Beau-Séjour 29, 1003 Lausanne",,,+41213128887,1011
Le Tirol Sàrl,"Chemin des Bossons 3, 1018 Lausanne",contact@letirol.ch,,+41216463033,1011
Oh! Liban,"Avenue de la Gare 29, 1003 Lausanne",info@ohliban.ch,,+41213115756,1011
Petit Boeuf,"Avenue Vingt-Quatre-Janvier 4, 1004 Lausanne",,,+41216489101,1011
Restaurant Al Dente,"Chemin de Maillefer 121, 1018 Lausanne",,,+41216464440,1011
Restaurant Dalat,"Place du Vallon 5, 1005 Lausanne",,,+41213124368,1011
Restaurant de l'Aéroport Blécherette,"Avenue du Grey 117, 1018 Lausanne",restaurant.aeroport@bluewin.ch,,+41216486100,1011
Restaurant de l'Ours,"Rue du Bugnon 2, 1005 Lausanne",,,+41213126869,1011
SUD Simplement Gourmand,"Avenue du Théâtre 1, 1005 Lausanne",,,+41213208383,1011
Tao-Lounge-Bar,"Rue Côtes-de-Montbenon 20, 1003 Lausanne",contact@tao-lounge-bar.ch,,+41213128818,1011
Tribeca,"Place de la Riponne 4, 1005 Lausanne",info@tribeca-lausanne.ch,,+41213111133,1011
Turkan Yasar,"Avenue de Tivoli 1, 1007 Lausanne",,,+41213237088,1011
Au Couscous,"Rue Enning 2, 1003 Lausanne",info@au-couscous.ch,,+41213129800,1011
Bamee Bar,"Avenue de la Gare 32, 1003 Lausanne",,,+41213202011,1011
Bar à tapas Aipes,"Rue de la Tour 8, 1004 Lausanne",aipes.bar.tapas@gmail.com,,+41213128444,1011
Bar - Restaurant 44,"Rue de Genève 91, 1004 Lausanne",,,+41216249507,1011
Bosphore,"Rue de la Louve 7, 1003 Lausanne",,,+41213110770,1011
Brasserie de Chailly,"Chemin de Rovéréaz 5, 1012 Lausanne",,,+41216533535,1011
Café de Prélaz titulaire,"Avenue de Morges 141, 1004 Lausanne",cafedeprelaz@gmail.com,,+41215584090,1011
Café des Artisans,"Rue Centrale 16, 1003 Lausanne",,,+41213110600,1011
"Café La Siesta, Aslan Ismail","Place Grand-St-Jean 2, 1003 Lausanne",,,+41213233644,1011
Café-restaurant Blackbird Downtown Diner,"Route de Bel-Air 1, 1003 Lausanne",,https://www.downtowndiner.ch/,+41213127224,1011
Café Restaurant des Boveresses,"Avenue des Boveresses 29, 1010 Lausanne",,,+41216535340,1011
Café Restaurant PortoNovo,"Rue de Genève 98, 1004 Lausanne",,,+41213208885,1011
Chez Xu 2,"Rue du Petit-Chêne 27, 1003 Lausanne",,,+41213207268,1011
Coccinelle Café,"Rue Pichard 20, 1003 Lausanne",,,+41213120890,1011
Coteau-Fleuri,"Route d'Oron 77, 1010 Lausanne",,,+41216530470,1011
"CREACION DEL TATA, Hector Nunez","Rue de la Borde 9, 1018 Lausanne",,,+41216470336,1011
Crêperie de Grancy,"Boulevard de Grancy 4, 1006 Lausanne",creperiedegrancy@gmail.com,,+41216169191,1011
Gertrude Café,"Rue Caroline 12, 1003 Lausanne",,,+41213113648,1011
L'AO,"Pont Bessières 3, 1005 Lausanne",,,+41213237314,1011
l'Indochine,"Avenue d'Echallens 82, 1004 Lausanne",,,+41216258888,1011
l'Orchidée,"Rue de l'Ale 25, 1003 Lausanne",,,+41213128626,1011
La Croix d'Ouchy,"Avenue d'Ouchy 43, 1006 Lausanne",,,+41216162233,1011
Lausanne-Moudon,"Rue du Tunnel 20, 1005 Lausanne",,,+41213290471,1011
Le Bellini's,"Rue de la Barre 5, 1005 Lausanne",,,+41213512440,1011
Le Fraisier,"Ruelle Grand-St-Jean 9, 1003 Lausanne",f_ribeiro@bluewin.ch,http://www.lefraisier.ch/,+41216253192,1011
Le Kiosque Saint-François,"Place Saint-François 13, 1003 Lausanne",,,+41213240505,1011
le Pinocchio,"Avenue Frédéric-César-de-la-Harpe 16, 1007 Lausanne",le-pinocchio@bluewin.ch,,+41216164037,1011
Minuit Soleil,"Rue Centrale 23, 1003 Lausanne",minuitsoleil@bluewin.ch,,+41213235364,1011
Pomodoro della Nona,"Rue Louis-Curtat 6, 1005 Lausanne",,,+41213122616,1011
Restaurant de Fontenay,"Chemin de Fontenay 7B, 1007 Lausanne",,,+41216166969,1011
"Restaurant du Tennis-Club, Stade Lausanne","Avenue de Rhodanie 53, 1007 Lausanne",,,+41216162687,1011
Restaurant FU LI,"Avenue de Chailly 21, 1012 Lausanne",chailly.fuli@gmail.com,,+41216530328,1011
Restaurant Il Ghiotto,"Rue Cité-Devant 6, 1005 Lausanne",,,+41213120757,1011
Restaurant La Bohème,"Rue du Tunnel 1, 1005 Lausanne",,,+41213129090,1011
Restaurant LA NAUTICA OUCHY,"Chemin des Pêcheurs 7, 1007 Lausanne",info@lanautica.ch,,+41216160111,1011
Restaurant le Tokyo,"Rue Côtes-de-Montbenon 22, 1003 Lausanne",le.tokyo.restaurant@gmail.com,,+41213110013,1011
Anne-Sophie Pic,"Chemin de Beau-Rivage 21, 1006 Lausanne",asp@brp.ch,,+41216133339,1011
Aquatis Hotel SA,"Route de Berne 150, 1010 Lausanne",info@aquatis-hotel.ch,,+41216542424,1011
Au Canard Pékinois,"Place Chauderon 16, 1003 Lausanne",,,+41213290323,1011
Broadway Av.,"Place du Tunnel 9, 1005 Lausanne",,,+41213230009,1011
Café Beau-Rivage,"Place du Port 17, 1006 Lausanne",cafe@brp.ch,,+41216133330,1011
Café de Boisy,"Chemin du Boisy 41, 1004 Lausanne",boisy@restaurant.ch,,+41216461844,1011
Café du Vieil-Ouchy,"Place du Port 3, 1006 Lausanne",,,+41216162194,1011
du Village,"Avenue de Chailly 59, 1012 Lausanne",,,+41217289243,1011
l'Esquisse,"Route du Signal 2B, 1018 Lausanne",,,+41213205007,1011
Le Carrousel de Vidy SA,"Allée du Bornan 8, 1007 Lausanne",carrousel-vidy@bluewin.ch,,+41216014030,1011
Les Bosquets,"Avenue d'Echallens 54, 1004 Lausanne",,,+41216247446,1011
Miyako,"Place du Port 17, 1006 Lausanne",miyako@brp.ch,,+41216133391,1011
Piazza San Marco,"Avenue d'Ouchy 38, 1006 Lausanne",,,+41216012720,1011
Red-Sea,"Rue de la Tour 17, 1004 Lausanne",,,+41213110387,1011
Restaurant et café maison de Faverges,"Chemin des Faverges 17, 1006 Lausanne",Chsacramento74@gmail.com,,+41217287009,1011
Restaurant La Muraille,"Rue de Bourg 10, 1003 Lausanne",,,+41213117002,1011
Sidewalk Café,"Place du Tunnel 9, 1005 Lausanne",,,+41213238008,1011
Brasserie des Sauges,"Avenue du Grey 58, 1018 Lausanne",info@brasserie-des-sauges.com,,+41216477486,1011
1004 Café Restaurant,"Rue de Genève 87, 1004 Lausanne",,,+41216261004,1011
à la Bossette,"Place du Nord 4, 1005 Lausanne",,,+41213201585,1011
A La Pomme de Pin,"Rue Cité-Derrière 11, 1005 Lausanne",,,+41213234656,1011
Barberousse Bar,"Rue de Genève 17, 1003 Lausanne",,,+41213230707,1011
BG Café Bongénie Brunschwig Group,"Place Saint-François 10, 1003 Lausanne",,,+41213452745,1011
Brasserie de la forêt,"Route du Pavement 75, 1018 Lausanne",,,+41216480815,1011
Brasserie du Château,"Place du Tunnel 1, 1005 Lausanne",,,+41213126011,1011
Brasserie LesTrois Rois,"Rue du Simplon 7, 1006 Lausanne",,,+41216163822,1011
Café de Grancy,"Avenue du Rond-Point 1, 1006 Lausanne",,,+41216168666,1011
Cavallo Bianco,"Place Chauderon 24, 1003 Lausanne",,,+41216250970,1011
Chez Loïc Sàrl,"Avenue de Cour 63, 1007 Lausanne",,,+41216255512,1011
Chez ma Cousine,"Place Pépinet 1, 1003 Lausanne",,,+41213114868,1011
Culture Café,"Rue de Genève 6, 1003 Lausanne",,,+41212138547,1011
Eat Me Restaurant & Coktail Lounge,"Rue Pépinet 3, 1003 Lausanne",,,+41213117659,1011
Ephese,"Rue Neuve 4, 1003 Lausanne",,,+41213118209,1011
Gina Ristorante,"Route Louis-Favre 8C, 1024 Ecublens VD",,,+41216910133,1011
Grütli,"Rue Mercerie 4, 1003 Lausanne",,,+41213129493,1011
Gymnase du Bugnon,"Rue du Bugnon 5, 1005 Lausanne",,,+41213163685,1011
Hoa Sen,"Rue du Clos-de-Bulle 5, 1004 Lausanne",,,+41213235540,1011
Holy Cow ! Gourmet Burger Company SA,"Rue Cheneau-de-Bourg 17, 1003 Lausanne",,,+41213122404,1011
l'Amica M.F. Alves da Cunha,"Avenue de la Sallaz 31, 1010 Lausanne",,,+41216522944,1011
la Rotonde,"Avenue du Temple 65, 1012 Lausanne",,,+41216520971,1011
La Suite,"Rue du Petit-Chêne 28, 1003 Lausanne",,,+41213206030,1011
la Terrasse,"Avenue de Montchoisi 26, 1006 Lausanne",,,+41216166400,1011
Lausanne CFF Subway,"Place de la Gare, 1003 Lausanne",,,+41215550260,1011
Le Copernic,1015 Lausanne,,,+41216932014,1011
le Florida,"Avenue Frédéric-César-de-la-Harpe 19, 1007 Lausanne",,,+41216165399,1011
Le Musée Olympique,"Quai d'Ouchy 1, 1006 Lausanne",tomcafe@olympic.org,,+41216216708,1011
Ma-Jong SA,"Escaliers du Grand-Pont 3, 1003 Lausanne",,,+41213290525,1011
Naville Café Presse Lausanne Maternite,"Avenue Pierre-Decker 3, 1005 Lausanne",,,+41213111040,1011
Nazar,"Avenue de Morges 26, 1004 Lausanne",,,+41216252510,1011
Pat' Pizza et Kebab,"Chemin des Croix-Rouges 2, 1007 Lausanne",,,+41213511515,1011
Patinoire et Piscine de Montchoisi,"Avenue Antoine-Michel-Servan 30, 1006 Lausanne",,,+41216161064,1011
Populaire,"Route du Jorat 67, 1000 Lausanne 26",,,+41217841131,1011
restaurant du Bourg,"Rue de Bourg 51, 1003 Lausanne",,,+41213231423,1011
Saint Pierre,"Galeries Benjamin-Constant 1, 1003 Lausanne",,,+41213233636,1011
Sushi Shop Lausanne Sàrl,"Galerie Saint-François A, 1003 Lausanne",,,+41900826826,1011
Tradiswiss,"Avenue Emile-Henri-Jaques-Dalcroze 9, 1007 Lausanne",,,+41216165555,1011
Vapiano,"Place de la Gare 4, 1003 Lausanne",,,+41213204848,1011
Villeclair,"Route Aloys-Fauquez 110, 1018 Lausanne",,,+41216472196,1011
Hôtel-restaurant le Belmont,"Rue des Corbaz 1, 1092 Belmont-sur-Lausanne",info@hotelbelmont.ch,http://www.hotelbelmont.ch/,+41217282596,1011
Restaurant le Coucou,"Route de Cugy 96, 1052 Le Mont-sur-Lausanne",info@lecoucou.ch,http://www.lecoucou.ch/,+41216526524,1011
La Coccinelle,"Route de Lausanne 17, 1032 Romanel-sur-Lausanne",,https://www.lacoccinelle-romanel.ch/,+41216481162,1011
Meal33,"Rue du Pâquis 6B, 1033 Cheseaux-sur-Lausanne",contact@meal33.ch,http://meal33.ch/,+41217312033,1011
Au P'tit Bonheur,"Route de Genève 4, 1033 Cheseaux-sur-Lausanne",,http://www.wiznoo.ch/cheseaux-sur-lausanne/au-p-tit-bonheur,+41217321517,1011
Le 7 Ieme,"Route de Lausanne 7, 1033 Cheseaux-sur-Lausanne",info@le7ieme.ch,https://le7ieme.ch/contact.html,+41216717777,1011
Auberge Communale de Belmont-sur-Lausanne,"Coin d'En Haut 2, 1092 Belmont-sur-Lausanne",,http://www.aubergecommunaledebelmont.ch/,+41219641687,1011
Galion Hôtel Restaurant Pub,"Route de Genève 1, 1033 Cheseaux-sur-Lausanne",info@galion.ch,http://www.galion.ch/,+41217031717,1011
le Postillon,"Route d'Yverdon 3, 1033 Cheseaux-sur-Lausanne",,http://www.restaurant-le-postillon.ch/,+41217314644,1011
la Chope d'or,"En Félezin, 1032 Romanel-sur-Lausanne",lacanette@hotmail.com,,+41216462161,1011
Restaurant du Green Club,"Chemin des Epinettes 1, 1032 Romanel-sur-Lausanne",info@greenrest.ch,,+41216483521,1011
Juli,"Route de Lausanne 38, 1052 Le Mont-sur-Lausanne",,,+41216520135,1011
Le Central,"Place de Coppoz 4A, 1052 Le Mont-sur-Lausanne",lecentral@bluewin.ch,,+41216520146,1011
Chalet des Enfants,"Route du Chalet-des-Enfants 1, 1052 Le Mont-sur-Lausanne",auberge@chaletdesenfants.ch,,+41217844480,1011
la Châtaigne,"Route de Lausanne 14, 1052 Le Mont-sur-Lausanne",,,+41216521031,1011
La Principessa,"Route d'Arnier 4, 1092 Belmont-sur-Lausanne",,,+41217296069,1011
le Relais du Grand-Mont,"Route du Grand-Mont 18, 1052 Le Mont-sur-Lausanne",,,+41216520162,1011
Restaurant-Pizzeria du Stand de Vernand,"Route de la Blécherette 2, 1032 Romanel-sur-Lausanne",,,+41216481183,1011
Takayama Restaurant Japonais,"Avenue d'Ouchy 58, 1006 Lausanne",,http://www.takayama-sushibar-lausanne.ch/,+41216019888,1011
Restaurant Japonais Sakura,"Chemin de Pierrefleur 30, 1004 Lausanne",fleursakura@hotmail.com,https://www.restaurant-sakura.ch/,+41216469966,1011
Song Phi Nong Traiteur,"Rue Beau-Séjour 27, 1003 Lausanne",songphinongtraiteur@gmail.com,https://www.songphinongtraiteur.com/,+41213121305,1011
Oy Isan Thaï Food,"Avenue Juste-Olivier 5, 1006 Lausanne",,https://www.oyisan.ch/,+41215520969,1011
Le Juventino,"Avenue Collonges 1, 1004 Lausanne",,https://www.juventino-bar.ch/,+41216476598,1011
Restaurant le Rossignol,"Avenue du Léman 36, 1005 Lausanne",,https://www.restaurantlerossignol.ch/,+41217280956,1011
Obeirut restaurant,"Rue Bellefontaine 2, 1003 Lausanne",,,+41213491010,1011
Barbecue Coréen - Au Gourmand,"Avenue Louis-Ruchonnet 26, 1003 Lausanne",augourmand@bluewin.ch,,+41213115474,1011
Le Thaï au Lac,"Avenue Emile-Henri-Jaques-Dalcroze 9, 1007 Lausanne",info@thaiaulac.ch,,+41216011000,1011
Non Solo,"Avenue du Tribunal-Fédéral 5, 1005 Lausanne",info@non-solo.ch,,+41213111612,1011
Ristorante Amici,"Rue Dr César-Roux 5, 1005 Lausanne",,,+41213115125,1011
7 Kings Curry,"Rue du Grand-Pont 18, 1003 Lausanne",,,+41213115594,1011
Dario Traiteur SA,"Avenue de Jurigoz 20, 1006 Lausanne",,,+41216016060,1011
Giraf restaurant Vieux-Lausanne,"Rue Pierre-Viret 6, 1003 Lausanne",vieuxlo@vtxnet.ch,,+41213235390,1011
Le Papillon Chinois,"Rue Couchirard 8, 1004 Lausanne",,,+41793475007,1011
Tacos Planet,"Avenue Marc-Dufour 19, 1007 Lausanne",,,+41215252818,1011
Titti Multi-services,"Chemin du Furet 9, 1018 Lausanne",,,+41774355368,1011
Café-Restaurant Chinois Dongpo,"Rue du Maupas 34, 1004 Lausanne",,,+41216472504,1011
Café Restaurant New Delhi,"Avenue Louis-Ruchonnet 2, 1003 Lausanne",,,+41213236461,1011
Code bar restaurant Sàrl,"Avenue Louis-Ruchonnet 2, 1003 Lausanne",,,+41213124477,1011
Cuba Libre Restaurant,"Chemin de Boissonnet 77, 1010 Lausanne",,,,1011
L'Accademia,"Place du Port 11, 1006 Lausanne",accademia@brp.ch,,+41216133434,1011
Le Théâtre Restaurant,"Avenue du Théâtre 12, 1005 Lausanne",rest.theatre@bluewin.ch,,+41213515115,1011
Palace Sushi Zen,"Rue du Grand-Chêne 7, 1003 Lausanne",,,+41213313988,1011
Restaurant Abyssinia,"Rue du Valentin 14, 1004 Lausanne",info@abyssinia.ch,,+41213114907,1011
Restaurant Atlantic,"avenue du Chablais, 1007 Lausanne",,,,1011
Restaurant BioTruck,"Route du Stand 11, 1880 Bex",info@biotruck.ch,,+41245579220,1011
Restaurant Da Nino,"Dorigny, 1015 Ecublens",info@restaurant-danino.ch,,+41216922688,1011
Restaurant Italien Ulivo,"Chemin de Couvaloup 13, 1005 Lausanne",,,+41215446682,1011
Restaurant L'Echo Sàrl,"Rue de Bourg 13, 1003 Lausanne",,,+41213120808,1011
Restaurant l'Etoile,"Rue de Genève 102, 1004 Lausanne",,,+41216251544,1011
Restaurant le Piranha,"Route de Berne 144, 1010 Lausanne",info@aquatis-hotel.ch,,+41216542411,1011
Restaurant Le Vieux-Lausanne,"Rue Pierre-Viret 6, 1003 Lausanne",vieuxlo@vtxnet.ch,,+41213235390,1011
takasan asia fusion restaurant,"Avenue du Théâtre 7, 1005 Lausanne",,,+41213237484,1011
Zafferano Restaurant,"Avenue de Tivoli 60, 1007 Lausanne",,,+41216244302,1011
Restaurant de Dorigny,1015 Lausanne,,,+41216922688,1011
Café-Restaurant à l’étage,1003 Lausanne,,,,1011
Café Restaurant du Nord,"Route Aloys-Fauquez 98, 1018 Lausanne",,,+41216477732,1011
Café-restaurant La Gourmandise,"Avenue de Beaumont 22, 1012 Lausanne",,,+41215257039,1011
Café-restaurant Lausanne-Moudon SA,"Rue du Tunnel 20, 1005 Lausanne",,,+41213290471,1011
Café-Restaurant Red Sea Sàrl,"Rue de la Tour 17, 1004 Lausanne",,,+41213110387,1011
Eritrean Bar Restaurant,"Rue de la Borde 3B, 1018 Lausanne",,,+41764881984,1011
Herat Restaurant,"Avenue Alexandre-Vinet 22, 1004 Lausanne",heratkebab@gmail.com,,+41216473035,1011
Kazoku Sushi bar & Restaurant,"Avenue d'Echallens 60, 1004 Lausanne",info@kazoku.ch,,+41216252566,1011
La Pinte Besson,"Rue de l'Ale 4, 1003 Lausanne",,,+41213125969,1011
Luigia - Restaurant Pizzeria,"Rue Saint-Pierre 3, 1003 Lausanne",,,+41215520303,1011
M.E.H. Restaurant Sàrl,"Avenue de Morges 119, 1004 Lausanne",,,+41216250554,1011
Maharaja,"Avenue de France 2, 1004 Lausanne",commande@maharaja-lausanne.ch,,+41216243033,1011
McDonald's Restaurant,"Rue Saint-Laurent 20, 1003 Lausanne",,,+41213204679,1011
McDonald's Restaurant,"Rue de Bourg 47, 1003 Lausanne",,,+41213110022,1011
Migros Restaurant Bergières,"Avenue Bergières 50, 1004 Lausanne",,,+41585736580,1011
Migros Restaurant Métropole,"Rue des Terreaux 25, 1003 Lausanne",,,+41585735080,1011
Quai 14 - Cafe - Restaurant,"Avenue de Sévelin 14, 1004 Lausanne",,,+41213158061,1011
Restaurant & Bar 'Chez elle',"Passage Saint-François 2, 1003 Lausanne",,,+41217296520,1011
Restaurant Café-Café,"Chemin du Bois-de-Vaux 20, 1007 Lausanne",,,+41213571800,1011
Restaurant chez Giovanni,"Avenue de France 18A, 1004 Lausanne",,,+41216240763,1011
Restaurant de l'E.T.M.L.,"Rue de Sébeillon 12, 1004 Lausanne",,,,1011
Restaurant de la Tour,"Rue de la Tour 14, 1004 Lausanne",,,+41213230937,1011
Restaurant de la Vallonnette,"Avenue de la Vallonnette 24, 1012 Lausanne",,,+41216525158,1011
Restaurant des Falaises,"Chemin des Falaises 1, 1005 Lausanne",,,+41223641035,1011
Restaurant du Golf,"Route du Golf 3, 1000 Lausanne",,,+41217848484,1011
Restaurant Gambatte,"Rue Pré-du-Marché 15, 1004 Lausanne",,,+41213201818,1011
Restaurant Isshin,"Place Chauderon 30, 1003 Lausanne",,,+41216248221,1011
Restaurant Ium,"Place du Tunnel 8, 1005 Lausanne",,,+41213116311,1011
Restaurant Jacques,"Rue Beau-Séjour 15, 1003 Lausanne",,,+41215448875,1011
Restaurant KR,"Avenue de France 38, 1004 Lausanne",,,+41216253737,1011
Restaurant L'Esplanade Messidor,"Chemin Messidor 7, 1006 Lausanne",,,+41213206050,1011
Restaurant l'Esprit Bistrot - Hôtel Alpha-Palmiers,"Rue du Petit-Chêne 34, 1003 Lausanne",,,+41215555991,1011
Restaurant La Poesia,"Avenue du Chablais 53, 1007 Lausanne",,,+41215255585,1011
Restaurant le Jardin Thaï - Hôtel Alpha-Palmiers,"Rue du Petit-Chêne 34, 1003 Lausanne",r@byf.ch,,+41215555990,1011
Restaurant Le Shanghai Sàrl,"Place du Tunnel 6, 1005 Lausanne",,,+41213126280,1011
Restaurant Le Tournesol,"Chemin du Petit-Flon 49, 1018 Lausanne",,,+41216414029,1011
Restaurant LStadio,"Route de Romanel 10, 1018 Lausanne",,,+41216833000,1011
Restaurant Tang Roulou,"Chemin Antoine-de-Chandieu 2, 1006 Lausanne",,,+41216165519,1011
Restaurant Troubadour,"Rue Dr César-Roux 6, 1005 Lausanne",,,+41213123715,1011
Sakura Japanese Restaurant,"Chemin de Pierrefleur 30, 1004 Lausanne",,,+41216469966,1011
Sicily Restaurant,"Avenue de la Vallonnette 24, 1012 Lausanne",,,+41216530402,1011
Uchitomi SA,"Ruelle Grand-St-Jean 5, 1003 Lausanne",,,+41213124001,1011
Juillerat Lepori architectes & Partenaires SA,"Avenue Eugène-Rambert 24, 1005 Lausanne",info@jlparchitectes.ch,http://www.jlparchitectes.com/,+41217210010,1011
Hotel & Gastro Union,"Avenue des Acacias 16, 1006 Lausanne",info.vd@hotelgastrounion.ch,http://www.hotelgastrounion.ch/,+41216162707,1011
Astra Hôtel Vevey 4*sup,"Place de la Gare 4, 1800 Vevey",info@astra-hotel.ch,http://www.astra-hotel.ch/,+41219250404,1011
café restaurant la gare,"Place de la Gare 2, 1096 Cully",info@lagarecully.ch,http://www.lagarecully.ch/,+41217992124,1011
Grotto 2 Sàrl,"Avenue des Deux-Ponts 13, 1009 Pully",legrotto@hotmail.com,http://www.grotto2.ch/,+41217280130,1011
Hostellerie Le Petit Manoir,"Avenue Ignace-Paderewski 8, 1110 Morges",info@lepetitmanoir.ch,http://www.lepetitmanoir.ch/,+41218041200,1011
La Fleur de Sel by Carlo Crisci (FDS.FR Sàrl),"Rue du Temple 10, 1304 Cossonay-Ville",info@carlocrisci.ch,http://www.lafleurdesel.ch/,+41218612608,1011
La Rose Rouge,"Avenue du Temple 2, 1020 Renens VD",,https://laroserouge.ch/70/accueil,+41216345827,1011
la Stella,"Grand-Rue 22, 1009 Pully",,http://www.restaurantlastella.ch/,+41217280660,1011
Les Baumettes Fondation,"Avenue des Baumettes 120, 1020 Renens VD",baumettes@baumettes.ch,http://www.baumettes.ch/,+41216375555,1011
Romantik Hôtel Mont-Blanc Au Lac,"Rue des Alpes 1, 1110 Morges",,http://www.hotel-mont-blanc.ch/,+41218048787,1011
Association La Branche Etablissement socio-éducatif,"Chemin de la Branche 32, 1073 Mollie-Margot",contact@labranche.ch,http://www.labranche.ch/,+41216124000,1011
Auberge aux deux sapins,"Rue du Bourg 14, 1147 Montricher",info@2sapins.ch,http://www.2sapins.ch/,+41218640080,1011
Auberge communale,"Route du Village 21, 1184 Luins",malakoffsluins@gmail.com,http://www.aubergedeluins.ch/,+41218241159,1011
Delta du Mékong,"Route des Flumeaux 1, 1008 Prilly",Deltadumekong@gmail.com,http://www.delta-mekong-restaurant.ch/,+41216257361,1011
Mamma Mia Churrascaria Sàrl,"Rue de l'Industrie 63, 1030 Bussigny",restaurant.mammamia@hotmail.com,https://mammamia-churrascaria.ch/,+41216128262,1011
Restaurant Du Tennis,"Promenade du Petit-Bois 13, 1110 Morges",info@restaurantdutennis.ch,https://www.restaurantdutennis.ch/,+41218016035,1011
Tawan Thai,"Petite rue 4, 1304 Cossonay-Ville",,http://www.tawan-thai.ch/,+41218613135,1011
The Garden on the Lake,"Route de Saint-Maurice 18, 1814 La Tour-de-Peilz",,https://www.bon-rivage.ch/the-garden,+41219770707,1011
4B restaurant Murat,"Rue de l'Industrie 4, 1030 Bussigny",info@4b-restaurant.ch,http://4b-restaurant.ch/,+41217015915,1011
Hôtel de Ville,"Place de l'Hôtel de Ville 1, 1030 Bussigny",info@bussignyhdv.ch,http://www.bussignyhdv.ch/,+41217011117,1011
Hotel Novotel Lausanne Bussigny,"Route de Condémine 35, 1030 Bussigny",,http://www.novotel.ch/,+41217035959,1011
Le Moulin de Cugy,"Chemin du Moulin 2, 1053 Cugy VD",info@lemoulindecugy.ch,http://www.lemoulindecugy.ch/,+41217312362,1011
Restaurant Le Tablier,"Blvd de l'Arc-en-Ciel 36, 1030 Bussigny",restaurantletablier21@gmail.com,https://www.letablier.ch/,+41217012455,1011
Restaurant-Pizzeria La Terrasse,"Rue de Lausanne 9, 1030 Bussigny",,http://la-terrasse-1030.thefork.rest/?fbclid=IwAR2kEDAIVNe-mhFC2DYXVIuqXAG7nrzdjEqJsXNh-vD3FbQtfMmXr8O_MLI,+41217011159,1011
AU PREMIER ÉTAGE,"Chemin de Bas-de-Plan 6, 1030 Bussigny",Info@aupremieretage.ch,http://www.aupremieretage.ch/,+41217030156,1011
Buffalo Grill Suisse SA,"Chemin de Saugy 7, 1023 Crissier",,https://www.buffalo-grill.fr/restaurant/lausanne-crissier,+41216710505,1011
Domaine de la Crausaz,"Chemin de la Creuse 9, 1091 Grandvaux",,https://www.lacrausaz.ch/,+41213579018,1011
Le Tsalè,"Route des Dailles 15, 1619 Les Paccots",,https://www.tsale.ch/,+41219480700,1011
Rivage Hôtel *** Restaurant Lutry,"Rue du Rivage 1, 1095 Lutry",info@hotelrivagelutry.ch,https://www.rivagelutry.ch/,+41217967272,1011
KikuZen,"Rue de la Gare 11, 1110 Morges",,http://www.restaurant-kikuzen.ch/,+41218011898,1011
Restaurant Chez GYGY,"Rue de l'Industrie 49, 1030 Bussigny",,https://www.facebook.com/Restaurant-CHEZ-GYGY-260772454777915,+41217314614,1011
Chez Bobolino,"Route de la Maladière 28, 1022 Chavannes-près-Renens",,https://www.chezbobolino.ch/,+41216914055,1011
le Dragon,"Avenue de la Gare 2, 1022 Chavannes-près-Renens",,http://www.restodragon.ch/,+41216340273,1011
Au Coeur de la Côte Malakoff,"Route du Vignoble 12, 1184 Vinzel",,http://www.malakoffvinzel.ch/,+41218241141,1011
Brasserie de Paudex,"Route du Simplon 7, 1094 Paudex",info@brasserie-paudex.ch,http://www.brasserie-paudex.ch/,+41217962000,1011
La Balance'l Sàrl,"Place des Balances 13, 1040 Echallens",,,+41218816468,1011
Le Phenix,"Chemin de Cocagne 41, 1030 Bussigny",,,+41217014411,1011
Shanghai Garden,"Rue de la Gare 5, 1030 Bussigny",,,+41217012108,1011
Chez Pitch,"Chemin des Bains 1, 1009 Pully",,,+41217282743,1011
Da Gino,"Chemin de Cudrex 15, 1030 Bussigny",,,+41217014848,1011
de l'Oued,"Avenue de la Plage 27, 1028 Préverenges",,,+41218013808,1011
la Cascade,"Chemin du Centenaire 4, 1008 Prilly",,,+41216247061,1011
le Florissant,"Avenue de Florissant 28, 1020 Renens VD",,,+41216250522,1011
National Café-Resto-Bar,"Rue du Torrent 9, 1800 Vevey",,,+41219237625,1011
Restaurant Chinois Henan Yin Jianxin,"Avenue du Censuy 18, 1020 Renens VD",,,+41216354610,1011
Hotel Préalpina,"Chemin du Préalpina 3, 1071 Chexbres",info@prealpina.ch,,+41219460909,1011
"la Pinte Vaudoise, Association Restaurant d'Application","Avenue Général-Guisan 42, 1009 Pully",,,+41217210728,1011
Hôtel du Raisin,"Place de la Palud 19, 1003 Lausanne",info@leraisin-lausanne.ch,,+41213122756,1011
Boulangerie des Bergières,"Avenue Bergières 30, 1004 Lausanne",boulangerie.bergieres@gmail.com,https://www.boulangerie-bergieres.ch/,+41216472646,1011
dieci Pizza Lausanne-Ouest,"Avenue de Morges 74, 1004 Lausanne",,http://www.dieci.ch/,+41216481010,1011
le Petit Coin Gourmand,"Avenue de Cour 6A, 1007 Lausanne",info@lepetitcoingourmand-lausanne.ch,https://www.lepetitcoingourmand-lausanne.ch/,+41216178838,1011
LABO Gelateria,"Avenue de Chailly 1b, 1012 Lausanne",info@labo-gelateria.ch,http://www.labo-gelateria.ch/,+41794111043,1011
Montchoisi Gourmand,"Avenue Antoine-Michel-Servan 36, 1006 Lausanne",,http://www.lepetitcoingourmand-lausanne.ch/,+41215464249,1011
Tennis-Club Stade-Lausanne,"Avenue de Rhodanie 53, 1007 Lausanne",,http://www.tennislausanne.ch/,+41216163800,1011
Uchitomi SA,"Rue Grand-St-Jean 4, 1003 Lausanne",,http://www.uchitomi.ch/,+41213124001,1011
Brasserie des Bergières SA,"Avenue Bergières 42, 1004 Lausanne",,https://www.brasserie-des-bergieres.com/,+41216481415,1011
Tea Room de Beaulieu,"Avenue Alexandre-Vinet 39, 1004 Lausanne",info@tearoomdebeaulieu.ch,http://www.tearoomdebeaulieu.ch/,+41216478220,1011
Coffee Shop Sleepy Bear,"Rue du Simplon 3A, 1006 Lausanne",,https://sleepybearcoffee.ch/,+41216164000,1011
Swiss Rent Car Sàrl,"Avenue du Mont-d'Or 48, 1007 Lausanne",info@swissrentcar.ch,http://www.swissrentcar.ch/,+41840900900,1011
Cuppin's Minedine & Co Sàrl,"Rue du Petit-Chêne 20, 1003 Lausanne",info@cuppins.ch,,+41213110373,1011
"Food Halal, Saghrouni","Rue des Oliviers 1, 1018 Lausanne",info@foodhalal.ch,,+41213200200,1011
La BOUCHE qui RIT Madeleine,"Rue Madeleine 10, 1003 Lausanne",,,+41213119595,1011
Pz Pizza,"Rue Grand-St-Jean 5, 1003 Lausanne",info@pzpizza.ch,,+41213128282,1011
Yatus - Lausanne,"Rue du Petit-Chêne 11, 1003 Lausanne",lausanne@yatus.ch,,+41213124501,1011
Au Solstice,"Chemin du Levant 1, 1005 Lausanne",,,+41213123336,1011
Myò Sushi,"Allée Ernest-Ansermet 1, 1003 Lausanne",,,+41213232288,1011
BP Service Blécherette,"Avenue du Grey 119, 1018 Lausanne",,,+41216482340,1011
Coop,"Rue Saint-Laurent 24-30, 1003 Lausanne",,,+41213217070,1011
Ecole hôtelière de Lausanne (EHL),"Route de Cojonnex 18, 1000 Lausanne 25",,,+41217851111,1011
Fleur de Pains SA,"Avenue d'Ouchy 73, 1006 Lausanne",,,+41216138001,1011
Fleur de Pains SA,"Route de Berne 1, 1010 Lausanne",,,+41216138007,1011
Fleur de Pains SA,"Route des Plaines-du-Loup 11, 1018 Lausanne",,,+41216138006,1011
GeA Gelateria Artigianale Sàrl,"Rue Enning 8, 1003 Lausanne",gea.gelato@gmail.com,,+41213116400,1011
Il Forno Bellantoni Sàrl,"Avenue de Rumine 7, 1005 Lausanne",,,+41213119292,1011
Le Marrakech,"Chemin des Falaises 2, 1005 Lausanne",info@restaurant-lemarrakech.ch,,+41213240101,1011
le Romantica,"Boulevard de Grancy 24, 1006 Lausanne",,,+41216162772,1011
Mexicana - Traiteur Mexicain,"Rue Centrale 5, 1003 Lausanne",mexicanalausanne@gmail.com,,+41782594636,1011
NOLF Bar,"Rue du Port-Franc 11, 1003 Lausanne",,https://www.facebook.com/NOLF-bar-2235250676802502,+41213110497,1011
Pouly,"Rue Centrale 5, 1003 Lausanne",,,+41213125294,1011
Pouly,"Rue de la Grotte 1, 1003 Lausanne",,,+41213126837,1011
Pouly,"Rue du Petit-Chêne 1, 1003 Lausanne",,,+41213123153,1011
Pouly,"Rue Marterey 76, 1005 Lausanne",,,+41213117656,1011
Sucré-Salé SA,"Avenue de Cour 80, 1007 Lausanne",,,+41216013379,1011
Sushi Metropole,"Rue des Terreaux 25, 1003 Lausanne",,,+41213318888,1011
The Great Escape,"Rue Madeleine 18, 1003 Lausanne",,,+41213123194,1011
ATA SA,"Avenue de Rumine 22, 1005 Lausanne",,,+41213120909,1011
Aux fleurs de la Terre,"Avenue de Cour 74, 1007 Lausanne",info@auxfleursdelaterre.ch,,+41216178525,1011
aux Trois Bonheurs,"Avenue du Tribunal-Fédéral 1, 1005 Lausanne",,,+41213121155,1011
Bar Le 20,"Rue du Petit-Chêne 11, 1003 Lausanne",,,,1011
Base Bar,"Avenue de Sévelin 46, 1004 Lausanne",info@basebarlausanne.com,,+41216255681,1011
Be Oh! Sàrl,"Rue de Bourg 16-20, 1003 Lausanne",contact@beoh.ch,,+41213110220,1011
Bibibowl,"Place Grand-St-Jean 2, 1003 Lausanne",info@bibibowl.ch,,+41212192915,1011
Blackbird Downtown Diner,"Route de Bel-Air 1, 1003 Lausanne",,,,1011
Boky,"place de la Gare 2, 1003 Lausanne",,,+41213127030,1011
Bravissimo,"Rue Marterey 25, 1005 Lausanne",,,+41213231827,1011
Cafe Barath,"Rue Pichard 8, 1003 Lausanne",kabinan@gmail.com,,+41213115612,1011
Café-Café,"Chemin du Bois-de-Vaux 20, 1007 Lausanne",,,,1011
Cafe Enning,"Rue Enning 10 bis, 1003 Lausanne",lausanne@ecocafe.ch,,+41213110953,1011
Chez Jaime,"Rue de l'Ale 43, 1003 Lausanne",,,,1011
Churrasco,"Rue de Bourg 51, 1003 Lausanne",,,+41213231423,1011
Churrasqueira Lausannoise,"Rue du Tunnel 14, 1005 Lausanne",,,,1011
Cipollino,"Passage Saint-François 2, 1003 Lausanne",,,,1011
Cipriano - wine & ham,"Rue du Port-Franc 11, 1003 Lausanne",drink@cipriano-bar.ch,,+41215330015,1011
Coin Cafe,"Rue Caroline 17, 1003 Lausanne",info@coincafe.ch,,,1011
Cuisine Orientale,"Avenue Emile-Henri-Jaques-Dalcroze 9, 1007 Lausanne",info@cuisineorientale.ch,,+41216165555,1011
Cuisine Orientale C&O,"Avenue Emile-Henri-Jaques-Dalcroze, 1007 Lausanne",,,,1011
Cups n' Cakes,"Avenue du Tribunal-Fédéral 2, 1005 Lausanne",mail@cupsncakes.ch,,+41797027918,1011
Cut pizza losanna,"Rue Sainte-Beuve 9, 1005 Lausanne",lausanne@cutpizza.ch,,+41213110391,1011
Diabolo Pizza,"Avenue William-Fraisse 9, 1006 Lausanne",saghrouni@yahoo.com,,+41216015656,1011
Doki Doki,"Avenue du Tribunal-Fédéral 4, 1005 Lausanne",dokidoki.lausanne@gmail.com,,+41212192414,1011
Dong Fang,"Avenue de la Gare 20, 1003 Lausanne",,,+41213127030,1011
El Batan,"Avenue de Morges 119, 1004 Lausanne",restaurant@elbatan.ch,,+41216250554,1011
El Gato,"Rue Marterey 19, 1005 Lausanne",info@elgatopatisserie.ch,,+41213111794,1011
FUSION by Sushizen,"Avenue des Boveresses 56, 1010 Lausanne",administration@sushizen.ch,,+41216011529,1011
Galerie Port Franc,"Rue Côtes-de-Montbenon 14, 1003 Lausanne",galerieportfranc@bluewin.ch,,+41786391058,1011
Happy Days,"Rue Saint-Pierre 3, 1003 Lausanne",,,+41213240606,1011
INGLEWOOD - Saint-Laurent,"Rue Saint-Laurent 14, 1003 Lausanne",inglewood.burgers@gmail.com,,+41213236388,1011
Jardin Gourmand,"Route du Jorat 80, 1000 Lausanne",mail@chevreuils.ch,,+41217850101,1011
Jetée de la Compagnie,"Jetée de la Compagnie, 1007 Lausanne",contact@ilakelausanne.ch,,,1011
"KAMASUTRA, Thangaraja Sivaraja","rue du Valentin 23, 1004 Lausanne",,,+41213123777,1011
King Size Pub,"Rue du Port-Franc 16, 1003 Lausanne",,,,1011
L'Arrosoir,"Rue Centrale 23, 1003 Lausanne",,,,1011
L'Assise,"Avenue de Cour 103, 1007 Lausanne",hello@l-assise.ch,,+41218888828,1011
L'Etoile Blanche,"Place Benjamin-Constant 2, 1003 Lausanne",contact@etoileblanche.ch,,+41213512460,1011
L'or des Incas,"Avenue Alexandre-Vinet 24, 1004 Lausanne",Lordesincaslausanne@gmail.com,,+41774781251,1011
L'union des Saveurs,"Rue de la Barre 6, 1005 Lausanne",luniondessaveurs@gmail.com,,+41789037929,1011
La Brasserie de l'Unithèque,"Avenue de l'Université, 1005 Lausanne",nino@unil.ch,,+41216922673,1011
La Brasserie du Royal,"Avenue d'Ouchy 40, 1006 Lausanne",brasserie@royalsavoy.ch,,+41216148888,1011
la Bruschetta,"Avenue de la Gare 20, 1003 Lausanne",,,+41213125734,1011
La Ferme du Désert,"Chemin de Pierrefleur 74, 1004 Lausanne",,,+41799401036,1011
La Gazelle,"Rue de l'Ale 35, 1003 Lausanne",lagazellelausanne@gmail.com,,+41213112445,1011
la Jonque,"Avenue de Cour 15, 1007 Lausanne",lajonque1007@gmail.com,,+41216165511,1011
La Mecanique des Fluides,"Rue du Midi 20, 1003 Lausanne",lamecadesfluides@gmail.com,,+41787096161,1011
La Pergola,"Chemin des Allinges 10, 1006 Lausanne",lapergola@montchoisi.ch,,+41791243731,1011
La Table de Vallotton,"Bâtiment EPFL Innovation Park, 1015 Lausanne",,,+41793115889,1011
La Vaudaire,"Chemin du Camping 7, 1007 Lausanne",info@la-vaudaire.ch,,+41215459940,1011
lauraworld catering O'Centre du goût,"Chemin du Chalet-de-Praroman 12, 1000 Lausanne 25",laura@lauraworld.ch,,+41219033827,1011
Le Barock,"Rue du Port-Franc 11, 1003 Lausanne",reservation@lebarock.ch,,+41213235252,1011
Le Boccalino - Lausanne,"Avenue d'Ouchy 76, 1006 Lausanne",,,+41216163539,1011
Le Bruxelles Cafe,"Place de la Riponne 1, 1005 Lausanne",info@proresto.ch,,+41213113301,1011
Le Ciao,"avenue de Rhodanie 4, 1007 Lausanne",,,,1011
Le Duo Thaï & Sushi,"Rue Mathurin-Cordier 13, 1005 Lausanne",,,+41213240202,1011
Le Marrakech,"Chemin des Falaises, 1005 Lausanne",,,,1011
le National,"Rue Neuve 13, 1003 Lausanne",,,+41213122262,1011
Le Nil Bleu,"Avenue Villamont 17, 1005 Lausanne",,,+41213128980,1011
Le P'tit Vidy,"Avenue de Montoie 53, 1007 Lausanne",,,+41217317171,1011
Le Perroquet,"Ruelle du Flon 4, 1003 Lausanne",,,,1011
Le Spot,"Rue du Midi 12, 1003 Lausanne",hello@le-spot.ch,,+41213573827,1011
Le Vestibule,"Rue Cité-Devant 4, 1005 Lausanne",info@le-vestibule.ch,,+41215152939,1011
Leonardo Mangi Sano Vivi Bene,"Voie du Chariot 6, 1003 Lausanne",,,+41213114970,1011
Les Boucaniers,"Avenue du Tribunal-Fédéral 2, 1005 Lausanne",info@lesboucaniers.ch,,+41213200202,1011
Les Escapades Gourmandes (LEG),"Chemin de Rovéréaz 23, 1012 Lausanne",info@lesescapadesgourmandes.ch,,+41582117050,1011
Les Jardins De Pam,"Rue Côtes-de-Montbenon 20, 1003 Lausanne",info@jardinsdepam.ch,,+41213112955,1011
Les Rues de Saigon Sàrl,"Rue du Bugnon 24, 1005 Lausanne",,,+41212185999,1011
Little Persia,"Avenue Louis-Ruchonnet 7, 1003 Lausanne",info@little-persia.ch,,+41213573857,1011
Longhorn,"Rue Saint-Pierre 3, 1003 Lausanne",reservation@longhornsteakhouse.ch,,+41213240606,1011
loom - gelateria 1900,"Boulevard de Grancy 45, 1006 Lausanne",info@loom-gelateria.ch,,+41216475027,1011
Sushizen,"Route des Noyerettes, 1015 Ecublens",szepfl@sushizen.ch,,+41216938500,1011
Sushizen,"Route Cantonale, 1015 Lausanne",szepfl@sushizen.ch,,+41216938500,1011
SUSHIZEN Epalinges,"Avenue des Boveresses 56, 1010 Lausanne",administration@sushizen.ch,,+41217841000,1011
SUSHIZEN Etraz,"Avenue des Boveresses 56, 1010 Lausanne",administration@sushizen.ch,,+41213111112,1011
SUSHIZEN Flon,"Avenue des Boveresses 56, 1010 Lausanne",administration@sushizen.ch,,+41213122103,1011
Sushizen Grancy,"Boulevard de Grancy 20, 1006 Lausanne",,,,1011
TACO'S BAR SA,"Rue de Genève 17, 1003 Lausanne",info@tacos-bar.ch,,+41213201525,1011
Tartares & Co Lausanne,"Rue de Genève 7, 1003 Lausanne",,,,1011
Tayta,"Avenue du Tribunal-Fédéral 2, 1005 Lausanne",contact@empanadas-tayta.com,,+41762094212,1011
The Hideaway,"Rue Cheneau-de-Bourg 1, 1003 Lausanne",,,,1011
Pasta e Sfizi,"Avenue d'Ouchy 3, 1006 Lausanne",,,,1011
Paulo's,"Avenue Bergières 20, 1004 Lausanne",paulospaulos71@gmail.com,,+41216470456,1011
Pida Bar,"Rue de la Louve 12, 1003 Lausanne",info@pidabar.com,,+41213119193,1011
Pinte Du Lac de Sauvabelin,"Chemin des Celtes 1, 1018 Lausanne",info@pinte-de-sauvabelin.ch,,+41216473938,1011
Planet Bowl,"Boulevard de Grancy 58, 1006 Lausanne",,,,1011
Plant Smart,"Rue de Genève 17, 1003 Lausanne",info@plantsmart.ch,,+41215589026,1011
Pomodoro della Nonna,"Rue Louis-Curtat 6, 1005 Lausanne",raphael@pomodoro-della-nonna.ch,,+41213122616,1011
Ristorante La Molisana,"Avenue de Tivoli 68, 1007 Lausanne",info@molisana.ch,,+41216248300,1011
Royal India,"Rue Chaucrau 14, 1003 Lausanne",,,+41213116747,1011
Rumah,"Chemin Antoine-de-Chandieu 12, 1006 Lausanne",rumahlausanne@gmail.com,,+41216160941,1011
Sabaidee Thai-Vieng,"Rue du Bugnon 24, 1005 Lausanne",info@sabaidee-thai-vieng.ch,,+41215445959,1011
Sardine,"Rue de la Barre 3, 1005 Lausanne",,,,1011
Saveurs d'Ailleurs,"Avenue d'Ouchy 67, 1006 Lausanne",info@saveursdailleurs.ch,,+41216016767,1011
ShowTime Food,"Rue du Maupas, 1004 Lausanne",showtimefood1004@gmail.com,,+41215355017,1011
Slice Pizza,"Rue du Valentin 23, 1004 Lausanne",,,+41213115349,1011
Snack De La Gare,"Avenue Louis-Ruchonnet 9, 1003 Lausanne",info@swisshallal.ch,,+41213121014,1011
Street Cellar,"Rue du Port-Franc 2, 1003 Lausanne",,,,1011
Sushizen,"Route des Noyerettes, 1015 Ecublens",szepfl@sushizen.ch,,+41216938500,1011
Sushizen,"Route Cantonale, 1015 Lausanne",szepfl@sushizen.ch,,+41216938500,1011
SUSHIZEN Epalinges,"Avenue des Boveresses 56, 1010 Lausanne",administration@sushizen.ch,,+41217841000,1011
SUSHIZEN Etraz,"Avenue des Boveresses 56, 1010 Lausanne",administration@sushizen.ch,,+41213111112,1011
SUSHIZEN Flon,"Avenue des Boveresses 56, 1010 Lausanne",administration@sushizen.ch,,+41213122103,1011
Sushizen Grancy,"Boulevard de Grancy 20, 1006 Lausanne",,,,1011
TACO'S BAR SA,"Rue de Genève 17, 1003 Lausanne",info@tacos-bar.ch,,+41213201525,1011
Tartares & Co Lausanne,"Rue de Genève 7, 1003 Lausanne",,,,1011
Tayta,"Avenue du Tribunal-Fédéral 2, 1005 Lausanne",contact@empanadas-tayta.com,,+41762094212,1011
The Hideaway,"Rue Cheneau-de-Bourg 1, 1003 Lausanne",,,,1011
THE HILL SA,"Rue de Bourg 39, 1003 Lausanne",,,+41213119173,1011
The Manhattan,"Rue de Genève 17, 1003 Lausanne",,,,1011
The Pancakes Mafia,"Rue des Terreaux 4, 1003 Lausanne",info@thepancakesmafia.ch,,+41213111979,1011
The Place 2B - Besame Mucho,"Avenue Emile-Henri-Jaques-Dalcroze 9, 1007 Lausanne",,,,1011
Ticino,"Place de la Gare 12, 1003 Lausanne",info@leticino.ch,,+41213203204,1011
Uncle Gau,"Galerie Saint-François, 1003 Lausanne",,,,1011
Veganopolis Cafe,"Avenue des Bains 4C, 1007 Lausanne",cafe@veganopolis.org,,+41215466767,1011
Wawa's Asian Kitchen,"Rue du Port-Franc 8, 1003 Lausanne",mhng96@gmail.com,,+41786753111,1011
Wuthrich,"Avenue Juste-Olivier 11, 1006 Lausanne",chocolaterie.wuthrich@swissonline.ch,,+41213125888,1011
Xpresso Cafe,"Rue des Terreaux 23, 1003 Lausanne",J.girardot@windowslive.com,,+41213119981,1011
YummiKa - Bar A Jus de Fruits,"Rue Enning 6, 1003 Lausanne",yummyk.juicefood@gmail.com,,+41799159192,1011
Zhiwei,"Avenue du Léman 19, 1005 Lausanne",,,,1011
Montchoisi,"Avenue Antoine-Michel-Servan 30, 1006 Lausanne",,,+41213154962,1011
Adriatico,"Rue de Genève 102, 1004 Lausanne",,,+41216249424,1011
Artishow Bar Gallery,"Rue Côtes-de-Montbenon 5, 1003 Lausanne",team@artishow.ch,,+41212183043,1011
Asia Express Chen,"Avenue Louis-Ruchonnet 1, 1003 Lausanne",lucie86@163.com,,+41213129892,1011
Association Histoires Urbaines,"Rue Côtes-de-Montbenon 28, 1003 Lausanne",,,+41213115194,1011
Atelier des Gourmands,"Rue Mercerie 14, 1003 Lausanne",,,+41213112423,1011
Au Monopole,"Place Chauderon 8, 1003 Lausanne",,,,1011
Au Tournesol chez Laurence,"Avenue d'Echallens 44, 1004 Lausanne",,,+41216258520,1011
Aux Délices d'Orient,"Rue du Simplon 19, 1006 Lausanne",,,+41216162670,1011
Aux Délices des Balkans,"Rue du Tunnel 16, 1005 Lausanne",,,+41796035794,1011
Aux Pates Fraiches,"Chemin des Cèdres 2B, 1004 Lausanne",,,+41217320808,1011
Aux Reflets des Isles,"Chemin de Renens 43, 1004 Lausanne",info@auxrefletsdesisles.ch,,+41216254157,1011
Aux Trois Tonneaux,"Rue Grand-St-Jean 18, 1003 Lausanne",zuzanna@aux-trois-tonneaux.ch,,+41213120266,1011
BaiBua,"Chemin des Croix-Rouges 8, 1007 Lausanne",,,+41212192797,1011
Balzac Take Away,"Boulevard de Grancy 49, 1006 Lausanne",,,+41216011605,1011
Banh mi Olimy,"Avenue de Cour 67, 1007 Lausanne",,,+41762227474,1011
Bar Tabac,"Rue Beau-Séjour 7, 1003 Lausanne",,,+41213123316,1011
Belga Lausanne,"Place de l'Ours 1005, 1005 Lausanne",,,,1011
Bella Vita,"Avenue de la Gare 52, 1003 Lausanne",,,+41213121260,1011
"Bêp Viêt, Bui Nguyen","Rue du Bugnon 42, 1005 Lausanne",,,+41213114129,1011
Bluebird Café,"Rue Centrale 29, 1003 Lausanne",,,+41213115760,1011
Bodega,"Place du Tunnel 9, 1005 Lausanne",diego@don-diego.net,,+41797410806,1011
Bongusto Italiano Sàrl,"Avenue du Théâtre 7, 1005 Lausanne",,,+41213110555,1011
Brasserie de Malley,"Chemin de Renens 56, 1004 Lausanne",,,+41216259525,1011
Brasserie de Montbenon,"Allée Ernest-Ansermet 3, 1003 Lausanne",,,+41213204030,1011
Brasserie Le Cygne,"Rue du Maupas 2, 1004 Lausanne",,,+41213122180,1011
Brasseurs (les),"Rue Centrale 4, 1003 Lausanne",,,+41213511424,1011
BREF CAFE,"Avenue d'Echallens 48, 1004 Lausanne",info@bref-cafe.ch,,+41216252323,1011
Brezelkönig SA,"Place de la Gare 5A, 1003 Lausanne",,,+41213112120,1011
Bulldog Bar et Resto,"Rue du Port-Franc 17, 1003 Lausanne",info@bulldogbar.ch,,+41213119933,1011
Burger King,"Rue du Grand-Pont 10, 1003 Lausanne",,,+41213123337,1011
Cafe Cafe,"Chemin du Bois-de-Vaux 20, 1007 Lausanne",restaurant@cafe-cafe.ch,,+41213571800,1011
Cafe Cite,"Place de la Riponne 4, 1005 Lausanne",,,+41213232030,1011
Café de l'Europe,"Rue du Simplon 33, 1006 Lausanne",,,+41216165585,1011
Café du Simplon,"Avenue du Rond-Point 7, 1006 Lausanne",,,+41216163104,1011
Cafe Mogador,"Avenue de Montchoisi 5, 1006 Lausanne",,,+41216167000,1011
Café Romand,"Place Saint-François 2, 1003 Lausanne",,,+41213126375,1011
Caffè Spettacolo,1003 Lausanne,,,,1011
Casona Latina,"Rue de Genève 55 bis, 1004 Lausanne",info@casonalatina.ch,,,1011
CDM hôtels et restaurants SA,"Rue du Grand-Pont 2B, 1003 Lausanne",info@cdmgroup.ch,,+41216131000,1011
Chez Loïc Sàrl,"Avenue d'Echallens 70, 1004 Lausanne",,,+41216255511,1011
Chez Mario,"Rue de Bourg 28, 1003 Lausanne",info@chezmario.ch,,+41213237404,1011
Chez Rado,"Rue du Bugnon 6, 1005 Lausanne",rado.chocolat@gmail.com,,+41213234188,1011
Chez Tony,"Rue de Bourg 39, 1003 Lausanne",,,+41213120995,1011
chocolaterie Angehrn,"Rue Pichard 11, 1003 Lausanne",,,+41213128850,1011
Churrascaria et rodizio - Le chalet du désert,"Chemin de Pierrefleur 74, 1004 Lausanne",,,+41215565507,1011
Coffee & Co,"Place de la Navigation 2, 1006 Lausanne",,,+393357635469,1011
Coffee Page,"Rue du Midi 20, 1003 Lausanne",contact@coffee-page.ch,,+41212113238,1011
Couloir Cache,"Rue du Flon 12, 1003 Lausanne",couloircache@hotmail.com,,+41213112097,1011
Crazy Burger Sàrl,"Rue de la Pontaise 44, 1018 Lausanne",,,+41216240000,1011
Crazy Wolf,"Rue Haldimand 9, 1003 Lausanne",,,+41213234000,1011
Crêperie La Chandeleur,"Rue Mercerie 9, 1003 Lausanne",,,+41213128419,1011
Cucina 41,"Chemin des Clochetons 41, 1004 Lausanne",,,+41766496332,1011
Da Carlo,"Rue Caroline 2, 1003 Lausanne",,,+41213237575,1011
Domino's Pizza,"Avenue de Tivoli 70, 1007 Lausanne",,,+41216207575,1011
Duke's bar Sàrl,"Rue du Flon 12, 1003 Lausanne",,,+41213113860,1011
EasyFood,"Place Bel-Air 18, 1003 Lausanne",,,,1011
El.Gringo,"Place de la Riponne, 1005 Lausanne",info@elgringoswiss.ch,,+41799545492,1011
Empanadas El Gaucho,"Boulevard de Grancy 44, 1006 Lausanne",info@empanadas-elgaucho.ch,,+41216363366,1011
Emparaiso,"Rue de la Borde 15, 1018 Lausanne",info@emparaiso.ch,,+41788723484,1011
Ernest - L'Epicerie,"Rue Cheneau-de-Bourg 17, 1003 Lausanne",,,+41215463111,1011
Euro Café,"lausanne gare, 1003 Lausanne",,,+41917574372,1011
Eva's Sandwich House,"Rue du Petit-Chêne 27, 1003 Lausanne",,,+41213119905,1011
Five Guys,"Place Saint-François 17, 1003 Lausanne",,,+41213125252,1011
Fleur de Pains SA,1003 Lausanne,,,+41216138011,1011
Fleur de Pains SA,"Avenue de Jurigoz 17, 1006 Lausanne",,,+41216138066,1011
Fleur de Pains SA - Food Truck,"Bâtiment EPFL Innovation Park I, 1015 Lausanne",,,+41216138000,1011
Focacceria Leonardo,"Avenue Frédéric-César-de-la-Harpe 43, 1007 Lausanne",info@focacceria-leonardo.com,,+41216011000,1011
Friend's Cafe,"Place de l'Europe 6, 1003 Lausanne",,,+41213313939,1011
Fruit for Thought,1003 Lausanne,,,,1011
Fu Tai,"Rue Pré-du-Marché 15, 1004 Lausanne",futai@bluewin.ch,,+41213201818,1011
Funky Chicken,"Epfl, 1024 Ecublens VD",info@thefunkychicken.ch,,,1011
GeA Gelateria Artigianale,"Rue Enning 8, 1003 Lausanne",gea.gelato@gmail.com,,+41213116400,1011
Giga Tacos,"Rue de l'Ale 2, 1003 Lausanne",,,+41215466100,1011
Giga Tacos,"Rue de la Pontaise 42, 1018 Lausanne",,,+41789668844,1011
Graine d'Epicure Sàrl Traiteur,"Rue de la Tour 9, 1004 Lausanne",graineepicure@gmail.com,,+41213111044,1011
Green Up Natural Food Sàrl,"Rue Mercerie 12, 1003 Lausanne",,,+41786919127,1011
Hansen Shiraz Traiteur,"Avenue du Théâtre 1, 1005 Lausanne",,,+41213125690,1011
Harper's Burger Bar And Pub,"Rue de la Barre 8, 1005 Lausanne",info@harperspub.ch,,,1011
Hokaido Sushi,"Avenue de Chailly 19, 1012 Lausanne",,,+41216530336,1011
Holy Cow,"Route Louis-Favre 8D, 1024 Ecublens VD",,,+41213122404,1011
Holy Cow ! Gourmet Burger Company SA,"Rue des Terreaux 10, 1003 Lausanne",,,+41213122404,1011
Hôtel Alpha-Palmiers by Fassbind,"Rue du Petit-Chêne 34, 1003 Lausanne",ap@byf.ch,,+41215555999,1011
Hotel d'Angleterre,"Place du Port 9, 1006 Lausanne",,,,1011
Il Corso,"Rue de Bourg 29, 1003 Lausanne",,,+41213128809,1011
In Fine Traiteur,"Avenue du Léman 69, 1005 Lausanne",info@infine-traiteur.ch,,+41217114907,1011
Indian zayeka,"Route de Chavannes 8, 1007 Lausanne",indianzayeka@yahoo.com,,+41216915857,1011
Intrigo,"Rue Pichard 11, 1003 Lausanne",,,+41263221662,1011
Iskender Kebab et Pâtes,"Rue Marterey 33, 1005 Lausanne",iskender.kebab.lausanne@gmail.com,,+41213114484,1011
Istanbul Çiğ Köfte,"Rue de Genève 85, 1004 Lausanne",,,+41799547887,1011
Istanbul Grill and Mezze,"Avenue de la Sallaz 3, 1005 Lausanne",,,+41216530038,1011
Ium,"Place du Tunnel 8, 1005 Lausanne",,,+41793710019,1011
Jardin de Gloire,"Avenue des Figuiers 39, 1007 Lausanne",,,+41216016730,1011
Jet Pizza,"Avenue de Béthusy 29, 1012 Lausanne",,,+41213126464,1011
Kawaya noodle bar,"Rue du Petit-Chêne 22, 1003 Lausanne",,,+41213123651,1011
Kawaya Ramen,"Rue du Petit-Chêne 22, 1003 Lausanne",,,+41213123651,1011
Kentucky Fried Chicken,"Place de l'Europe 9, 1003 Lausanne",,,+41212113925,1011
Keyann Café Libanais,"Avenue du Léman 79, 1005 Lausanne",info@keyann.ch,,+41217110044,1011
KIkro Organic,"Rue du Simplon 6, 1006 Lausanne",,,+41216178050,1011
Kinkao,"Avenue de Morges 92, 1004 Lausanne",,,+41795829999,1011
Kony Bubble Tea Taiwan,"Escaliers du Grand-Pont 5, 1003 Lausanne",,,,1011
L'abordage Angolo Pizza,"Avenue Georgette 2, 1003 Lausanne",,,+41213128512,1011
L'Atelier,"Avenue de France 39, 1004 Lausanne",info@l-a-t-e-l-i-e-r.ch,,+41216241637,1011
L'oasis,"Chemin Antoine-de-Chandieu 2, 1006 Lausanne",,,,1011
La Bavaria Sàrl,"Rue du Petit-Chêne 10, 1003 Lausanne",,,+41213233913,1011
La Caleta,"Rue de l'Ale 15, 1003 Lausanne",,,+41213110945,1011
LA CHOCOLATIERE,"Avenue Mon-Repos 14, 1005 Lausanne",,,+41213236884,1011
la Croquignole,"Rue de l'Ale 16, 1003 Lausanne",,,+41213120040,1011
La Grappe d'Or,"Rue Cheneau-de-Bourg 3, 1003 Lausanne",,,+41213113970,1011
La Grenette,"Place de la Riponne 10, 1005 Lausanne",,,+41774844969,1011
La Mosaique,"Avenue d'Ouchy 70, 1006 Lausanne",info@lamosaique.ch,,+41216011793,1011
La Picholine,"Chemin du Levant 159A, 1005 Lausanne",infos@lapicholine.ch,,+41217214141,1011
La Pinte à fromages du Lac de Sauvabelin,"Chemin des Celtes 1, 1018 Lausanne",,,+41216473938,1011
Lanky,"Avenue des Figuiers 39, 1007 Lausanne",,,,1011
Le 5ème,"Rue Centrale 9, 1003 Lausanne",info@lecinq.ch,,+41213124011,1011
Le 888,"Rue du Grand-Pont 18, 1003 Lausanne",,,+41213110789,1011
le Colony Bar Frenco SA,"Avenue du Théâtre 2, 1005 Lausanne",,,+41213113907,1011
Le Duplex Bar,"Rue de la Tour 4, 1004 Lausanne",info@leduplex.ch,,+41213111811,1011
Le Fermier Suisse,"Ruelle du Flon 12, 1003 Lausanne",,,+41795018998,1011
Le Framboisier,"Avenue du Léman 36, 1005 Lausanne",,,+41217280956,1011
Le Jardin d'Hiver,"Avenue Gratta-Paille 2, 1018 Lausanne",,,+41216411257,1011
le Kotchi,"Avenue Frédéric-César-de-la-Harpe 17A, 1007 Lausanne",,,+41216011333,1011
Le Liberta,"Rue de la Barre 8, 1005 Lausanne",,,+41213113225,1011
Le Montreux,"Place du Port 17, 1006 Lausanne",info@brp.ch,,,1011
Le Pain Quotidien,"Place de la Gare 2, 1003 Lausanne",,,+41213114608,1011
Le Phénix,"Rue de la Borde 31, 1018 Lausanne",,,,1011
Le Pointu,"Rue Neuve 2, 1003 Lausanne",hello@le-pointu.ch,,+41213511414,1011
Le Popu,"Route du Jorat 67, 1000 Lausanne",info@restaurant-populaire.ch,,+41217841131,1011
Le Pret-A-Manger du Flon,"Rue du Port-Franc 22, 1003 Lausanne",,,+41213201410,1011
Le RestO du Cercle,"Allée du Bornan 6, 1007 Lausanne",,,+41216173547,1011
le Tortillard,"Boulevard de Grancy 19A, 1006 Lausanne",,,+41216175620,1011
Legends Sports Bar,"Rue Côtes-de-Montbenon 20, 1003 Lausanne",,,+41213112955,1011
les Gosses du Québec,"Avenue de la Gare 22, 1003 Lausanne",,,+41213232828,1011
Les Saisons,"Avenue de Rhodanie 4, 1007 Lausanne",,,+41216127612,1011
Les Trois rois,"Rue du Simplon 7, 1006 Lausanne",,,+41216163822,1011
Liggs Pasta Sàrl,"Rue du Midi 2, 1003 Lausanne",,,+41213245000,1011
Los Nobles Tacos,"Avenue du Léman 77, 1005 Lausanne",,,+41218883888,1011
Los Tacos Hermanos,"Chemin de Renens 56, 1004 Lausanne",,,+41767789723,1011
Lucien Moutarlier,"Place de la Palud 7, 1003 Lausanne",,,+41213200062,1011
Mad Cafe,"Rue de Genève 23, 1003 Lausanne",hello@mad-cafe.ch,,+41213406970,1011
Madame Noï Saveurs de Thaïlande du Léman,"Avenue du Léman 73, 1005 Lausanne",info@madame-noi.ch,,+41798110091,1011
Maison Buet,"Rue Grand-St-Jean 6, 1003 Lausanne",,,+41213126290,1011
Manora fresh to go,1003 Lausanne,,,,1011
Marterey 56,"Rue Marterey 56, 1005 Lausanne",,,+41215585866,1011
Marutcha,"Rue de la Grotte 4, 1003 Lausanne",marutcha@posteo.net,,+41215213765,1011
Mauro traiteur,"Rue de l'Ancienne-Douane 4, 1003 Lausanne",,,+41213231667,1011
McCarthy's Irish Pub,"Place Pépinet 1, 1003 Lausanne",info@mccarthysirishpub.ch,,+41213129333,1011
McDonald's Suisse Restaurants Sàrl,"Place de la Gare 4, 1003 Lausanne",,,+41213204851,1011
MELAZIC SA,"Rue Madeleine 12, 1003 Lausanne",,,+41216248079,1011
Melting-Pot,"Rue du Simplon 6, 1006 Lausanne",atifkarim1@gmail.com,,+41216178050,1011
Mezzo Di Pasta,"Rue de la Louve 1, 1003 Lausanne",,,+41213117430,1011
Micky's House,"Rue Cheneau-de-Bourg 9, 1003 Lausanne",,,+41213515252,1011
Mido,"Rue de l'Ale, 1003 Lausanne",,,+41768163558,1011
Mister Fabrizio Panini,"Rue du Simplon, 1006 Lausanne",,,+41792277371,1011
Mium,"Avenue du Léman 21, 1005 Lausanne",julien@mium.ch,,+41786132409,1011
Mix-Image SA,"Rue du Petit-Saint-Jean 3, 1003 Lausanne",,,+41213511721,1011
Molana,"Avenue Recordon 2, 1004 Lausanne",molanarestaurant20@gmail.com,,+41218628888,1011
Monochrome,"Rue Madeleine 18, 1003 Lausanne",,,,1011
Montchoisi Tennis Club,"Avenue de l'Elysée 15, 1006 Lausanne",,,+41216163625,1011
MOVIDA & POCO LOCO,"Place Chauderon 5, 1003 Lausanne",,,+41213291111,1011
My Sandwiches,"Rue Saint-Martin 9, 1003 Lausanne",,,+41213120232,1011
N2O,"Place de l'Europe 7, 1003 Lausanne",,,+41213114427,1011
Nandanam Sàrl,"Avenue Louis-Ruchonnet 11, 1003 Lausanne",,,+41213122300,1011
Ni Hao,"Rue Marterey 72, 1005 Lausanne",,,+41213119696,1011
Nice Restobar SARL,"Rue du Petit-Chêne 22, 1003 Lausanne",,,+41219220028,1011
Oba-Oba,"Avenue de Provence 82, 1007 Lausanne",oba_oba@bluewin.ch,,+41216252757,1011
Okapi - Biso - Na - Biso,"Rue de la Borde 19, 1018 Lausanne",,,+41213111588,1011
Palm Bar,"Rue du Petit-Chêne 34, 1003 Lausanne",ap@byf.ch,,+41215555999,1011
Pastelaria Rapid Lunch,"Rue de la Borde 31, 1018 Lausanne",,,+41213111969,1011
"Pâtisserie Vincent, Chailly","Avenue de Chailly 2, 1012 Lausanne",,,+41216522765,1011
Pavillon Bar & Kitchen,"Place de la Riponne 10, 1005 Lausanne",,,+41213209595,1011
Pi Bar,"Rue du Valentin 62, 1004 Lausanne",shop@pibar.ch,,+41787838382,1011
Pidabar Takeaway,"Rue de la Louve 12, 1003 Lausanne",,,+41213119193,1011
Pin Up Bar,"Rue Marterey 31, 1005 Lausanne",,,+41213113333,1011
Pizza Avenue Sàrl,"Rue du Grand-Pont 18, 1003 Lausanne",,,+41215523366,1011
Pizzeria Bella Vita,"Avenue de la Gare 52, 1003 Lausanne",omar.jadban@me.com,,+41213121260,1011
Pizzeria Fratel e Napule,"Rue de la Tour 8, 1004 Lausanne",,,+41213120022,1011
Pla-Tu-Thong,"Rue Dr César-Roux 9, 1005 Lausanne",,,+41213201070,1011
Pois Chic,"Rue de Bourg 10, 1003 Lausanne",info@poischic.ch,,+41213117002,1011
Popers,"Place Grand-St-Jean, 1003 Lausanne",popers-food@hotmail.com,,+41788348887,1011
Pra-Collet,"Route du Jorat 71A, 1000 Lausanne 26",pracollet@bluewin.ch,,+41217840768,1011
Prince d'Egypte,"Rue Centrale 21, 1003 Lausanne",elmelegy.ali@gmail.com,,+41213233253,1011
Ragoût Délices,"Rue Saint-Roch 4, 1004 Lausanne",ragout.delices@gmail.com,,+41215584003,1011
Rialto,"Avenue de Béthusy 29, 1012 Lausanne",,,+41213126464,1011
Roma À Table,"Avenue de France 38, 1004 Lausanne",info@romaatable.ch,,+41212118131,1011
Romain C,"Avenue de Béthusy 19, 1005 Lausanne",rcsalondethe@gmail.com,,+41213121798,1011
Sabor Latino,"Rue Saint-Martin 7, 1003 Lausanne",,,,1011
Saigon,"Avenue de Beaulieu 1, 1004 Lausanne",,,+41216243992,1011
Sandwicherie vietnamienne Olimy Grand-pont,"Rue du Grand-Pont 4, 1003 Lausanne",,,+41218889795,1011
SegaFredo,"Rue Saint-François 2, 1003 Lausanne",,,+41213128844,1011
Shanti,"Avenue de la Gare 10, 1003 Lausanne",contact@shanti-restaurant.ch,,+41213237480,1011
Snack du Marché,"Rue Pré-du-Marché, 1004 Lausanne",celik.sertac90@gmail.com,,+41787050806,1011
SNAP,1003 Lausanne,,,,1011
Speed Food,"Place de la Gare, 1003 Lausanne",,,+41213113064,1011
Sport's café le Zodiac,"Avenue de Cour 6, 1007 Lausanne",,,+41216162869,1011
Starbucks,"Place de la Gare 2, 1003 Lausanne",,,+41213120702,1011
Starbucks,"Place Saint-François 3, 1003 Lausanne",,,+41213207020,1011
Starbucks,"Rue Saint-Laurent 19, 1003 Lausanne",,,+41213116151,1011
Street Kitchen Cafe,"Rue Centrale 25, 1003 Lausanne",streetkitchencafe@gmail.com,,+41218889620,1011
Sukkho,"Rue de la Borde 39, 1018 Lausanne",,,+41216830714,1011
Sushi Ichiban,"Rue Marterey 38, 1005 Lausanne",,,+41213122477,1011
Sushi King,"Galerie Saint-François A, 1003 Lausanne",,,+41216344592,1011
Sushi King,"Sis Galerie St-Francois A, 1003 Lausanne",,,+41216344592,1011
Sushi Zen SA,"Avenue des Boveresses 56, 1010 Lausanne",,,+41219630634,1011
Swiss Wine Bar,"Rue Caroline 5, 1003 Lausanne",sw@byf.ch,,+41213202141,1011
Ta Cave Sàrl,"Rue du Simplon 35, 1006 Lausanne",,,+41215257707,1011
Tanoshii,"Place de la Riponne, 1005 Lausanne",info@tanoshii.ch,,+41213110106,1011
Tayta Sarl,"Juste au dessus de La Police de l'Avenue de Cour., 1004 Lausanne",contact@empanadas-tayta.com,,+41762094212,1011
Tea-Room le Phénix et cafétéria Afiro,"Avenue de Provence 22, 1007 Lausanne",,,+41216236600,1011
Tekoe,1003 Lausanne,,,,1011
Terrasse d'Ouchy,"Place de la Navigation 1A, 1006 Lausanne",,,+41216174224,1011
Thaï Orchidée,"Rue du Port-Franc 16, 1003 Lausanne",,,+41213125203,1011
The Best of Taste Sàrl,"Rue du Valentin 12, 1004 Lausanne",,,+41215464400,1011
The Coffee Project,"Rue du Grand-Pont 4, 1003 Lausanne",hello@thecoffeeproject.ch,,+41213114648,1011
The Coffee Project,"Rue Marterey 1, 1005 Lausanne",hello@thecoffeeproject.ch,,+41213114648,1011
The Green Van Company,"Rue de Genève 17, 1003 Lausanne",info@thegreenvan.ch,,+41799450069,1011
The Lacustre,"Quai Jean-Pascal Delamuraz 1, 1006 Lausanne",,,+41216174200,1011
The Place 2B BIKINI BEACH,"Avenue Emile-Henri-Jaques-Dalcroze 9, 1007 Lausanne",theplace2b@bluewin.ch,,+41216010869,1011
Thebackstage Bar,"Rue du Clos-de-Bulle 7, 1004 Lausanne",info@thebackstage.ch,,+41765262788,1011
Tibits Lausanne,"Place de la Gare 11, 1003 Lausanne",info@tibits.ch,,+41325313888,1011
Tiki Taka,"Avenue des Oiseaux 2, 1018 Lausanne",,,+41212117454,1011
Traiteur l'Olivier SA,"Avenue du Théâtre 1, 1005 Lausanne",,,+41213120000,1011
Végé Café,"Chemin des Rosiers 2, 1004 Lausanne",info@vege.cafe,,+41216831353,1011
Veggie Moon's,"Rue du Maupas 16, 1004 Lausanne",moonscoffeeshop@gmail.com,,+41213111007,1011
Via Vai Trattoria,"Chemin du Bois-de-Vaux 20, 1007 Lausanne",viavai.vidy@gmail.com,,+41216241800,1011
Viita Food,"Place Chauderon 18, 1003 Lausanne",info@viitafood.ch,,+41798613555,1011
Vinatown d'Asie,"Rue Saint-Martin 30, 1005 Lausanne",,,+41788832690,1011
Vintage Wine Bar Sàrl,"Rue de Langallerie 7, 1003 Lausanne",,,+41213122092,1011
Wellson,"Rue du Flon 12, 1003 Lausanne",,,+41213115451,1011
Whoofy gauffre,"Chemin du Couchant 46, 1007 Lausanne",,,+41212110672,1011
Yasmine Traiteur,"Rue des Fontenailles 10, 1007 Lausanne",,,+41216010973,1011
Zinema,"Rue du Maupas 4, 1004 Lausanne",zinema@sunrise.ch,,+41213112931,1011
Zoo Burger Sàrl,"Rue Marterey 29, 1005 Lausanne",,,+41213125020,1011
Zooburger,"Avenue Mon-Loisir 16, 1006 Lausanne",,,+41216011804,1011
Au Grain de Sel,"Rue de la Borde 23, 1018 Lausanne",,,+41216431650,1011
Anatoilian,"Chemin Isabelle-de-Montolieu 173, 1010 Lausanne",,,+41216532558,1011
Meylan Eric,"Avenue d'Ouchy 22, 1006 Lausanne",,,+41216166367,1011
SUSHIZEN Palace,"Rue du Grand-Chêne 7, 1003 Lausanne",restauration@lausanne-palace.ch,,+41213313988,1011
Carpentier Didier,"Avenue de la Vallonnette 18, 1012 Lausanne",dc@greybicycle.com,,+41219032636,1011
da Silva José Maria,"Rue de Genève 98, 1004 Lausanne",,,+41213208885,1011
Gardiol Véra,"Chemin de Montolivet 20, 1006 Lausanne",,,+41216165163,1011
Beau-Rivage Palace,"Place du Port 17-19, 1006 Lausanne",info@brp.ch,http://www.brp.ch/fr/accueil.html,+41216133333,1011
Ecole Nouvelle de la Suisse Romande - ENSR International School,"Chemin de Rovéréaz 20, 1012 Lausanne",info@ensr.ch,http://www.ensr.ch/,+41216546500,1011
Chiché Architectes SA,"Rue des Terreaux 8, 1003 Lausanne",architectes@chiche.ch,http://www.chiche.ch/,+41213515060,1011
World Trade Center Lausanne WTCL Services SA,"Avenue Gratta-Paille 2, 1018 Lausanne",,http://www.wtc.ch/,+41216411111,1011
Art de l'Aurore,"Avenue de Rumine 4, 1005 Lausanne",granetaurore@gmail.com,http://www.artdelaurore.ch/,+41213121626,1011
Blanchisserie du Simplon,"Rue du Simplon 16, 1006 Lausanne",,,+41216161800,1011
Ebénisterie Maurice Jaques Sàrl,"Rue Saint-Martin 38, 1005 Lausanne",,http://www.maurice-jaques.ch/,+41213123885,1011
Atelier du Poirier SA,"Route Aloys-Fauquez 95, 1018 Lausanne",atelier@poirier.ch,http://www.poirier.ch/,+41216464370,1011
Garage carrosserie Cantova Sàrl,"Route du Pavement 77, 1018 Lausanne",,http://www.garage-cantova.ch/,+41216474218,1011
Baechtold Brigitte,"Avenue de Cour 6A, 1007 Lausanne",bb_oart@bluewin.ch,,+41216173386,1011
Migros Restaurant Romanel-sur-Lausanne,"En Félezin, 1032 Romanel-sur-Lausanne",,,+41585735960,1011
Restaurant Adore,"Chemin du Village 19, 1032 Romanel-sur-Lausanne",,,+41213106868,1011
Restaurant chez Tof,"Chemin de Maillefer 145, 1052 Le Mont-sur-Lausanne",,,+41216250145,1011
Restaurant OliMy,"Chemin de Budron B 4, 1052 Le Mont-sur-Lausanne",,,+41218880848,1011
Borboën Marcel,"Avenue d'Ouchy 7, 1006 Lausanne",,,+41213125718,1011
Iseli Hervé,"Avenue de Béthusy 5, 1005 Lausanne",,,+41213120790,1011
Karli Chantal,"Route du Signal 27, 1018 Lausanne",,,+41213121631,1011
Antiquités Rigaldo et Fils SA,"Route de Prilly 4, 1004 Lausanne",,,+41216260575,1011
Carte Blanche SA,"Rue Caroline 2, 1003 Lausanne",,,+41213213838,1011
CFI Mobilier SA,"Avenue Gratta-Paille 2, 1018 Lausanne",info@cfi-mobilier.ch,,+41216411267,1011
Eldora Traiteur SA,"Avenue de Rhodanie 17, 1007 Lausanne",lacustre@eldora-traiteur.ch,,+41216011666,1011
Hotelis SA,"Rue Caroline 5, 1003 Lausanne",infolausanne@hotelis.ch,,+41213452020,1011
Michalak Zdzislaw,"Rue Caroline 14, 1003 Lausanne",,,+41213236635,1011
Presto Café Services SA,"Route d'Arnier 4, 1092 Belmont-sur-Lausanne",info@prestocafe.ch,http://www.prestocafe.ch/,+41217215220,1011
Dinç Ugur,"Rue de la Pontaise 31, 1018 Lausanne",,,+41217111615,1011
Lausanne Palace,"Rue du Grand-Chêne 7-9, 1003 Lausanne",,http://www.lausanne-palace.ch/,+41213313131,1011
Golf Club de Lausanne,"Route du Golf 3, 1000 Lausanne 25",,https://golflausanne.ch/,+41217848484,1011
Ecole technique - Ecole des métiers de Lausanne (ETML),"Rue de Sébeillon 12, 1004 Lausanne",,,+41213167777,1011
Ecole technique - Ecole des métiers de Lausanne,"Rue de Sébeillon 12, 1004 Lausanne",,,+41213167777,1011
Coop,"Avenue du Théâtre 4, 1005 Lausanne",,,+41213207531,1011
MANOR,"Rue Pichard 3, 1003 Lausanne",,,+41213213699,1011
MANOR Grands Magasins,"Rue Pichard 3, 1003 Lausanne",,,+41213213699,1011
Fleur de Pains SA,"Place de Coppoz 2, 1052 Le Mont-sur-Lausanne",,,+41216138009,1011
Etna Pizza Patane,"Chemin des Mésanges 2, 1032 Romanel-sur-Lausanne",,,+41216473602,1011
Hotel Adore,"Chemin du Village 19, 1032 Romanel-sur-Lausanne",,,+41213106869,1011
L'Accent du Sud,"Chemin de Budron D 1, 1052 Le Mont-sur-Lausanne",,,+41216571020,1011
La nouvelle Charrue SA,"Route d'Echallens 1, 1032 Romanel-sur-Lausanne",,,+41216830707,1011
McDonald's Suisse Restaurants Sàrl,"Route de Genève 7, 1033 Cheseaux-sur-Lausanne",,,+41218470070,1011
Xin Yuan,"Route de Lausanne 38, 1052 Le Mont-sur-Lausanne",,,+41216520135,1011
dieci Pizza Lausanne Est-Pully,"Avenue Samson-Reymondin 27, 1009 Pully",,http://www.dieci.ch/,+41219071010,1011
Smyrliadis SA,"Route de Lausanne 42, 1610 Oron-la-Ville",,http://www.smyrliadis.com/,+41219079010,1011
Fleurs de Passion,"Route de Lausanne 14, 1052 Le Mont-sur-Lausanne",info@fleursdepassion.ch,http://www.fleursdepassion.ch/,+41216530090,1011
HCS Home Concierge Services Sàrl,"Chemin de Budron B 10, 1052 Le Mont-sur-Lausanne",info@hcs-sarl.ch,http://www.hcs-sarl.ch/,+41218668383,1011
"Restaurant Delta du Mékong, Mo","Route des Flumeaux 1, 1008 Prilly",,,+41216257361,1011
Restaurant Vivaldi,"Blvd de l'Arc-en-Ciel 1, 1030 Bussigny",,,+41217012455,1011
Rebellion Motors SA,"Chemin des Mésanges 2, 1032 Romanel-sur-Lausanne",info@rebellion-motors.com,https://www.rebellion-motors.com/,+41216531233,1011
Centre de tir sportif de Vernand,"Route de la Blécherette 2, 1032 Romanel-sur-Lausanne",,,+41213154971,1011
Garage Auto-Sport,"Chemin du Châtelard 1, 1033 Cheseaux-sur-Lausanne",g.scuderi@auto-sport.ch,,+41217314739,1011
Crêt-Bérard,1070 Puidoux,info@cret-berard.ch,http://www.cret-berard.ch/,+41219460360,1011
Culturefood - CFD SA,"Avenue Reller 5, 1800 Vevey",info@culturefood.ch,http://www.culturefood.ch/,+41848247333,1011
Boulangerie Millioud Sàrl,"Place du Marché 5, 1040 Echallens",,http://www.boulangerie-millioud.ch/,+41218811350,1011
BP Service Bussigny,"Route de Crissier 6, 1030 Bussigny",,,+41217011441,1011
BP Service Renens,"Blvd de l'Arc-en-Ciel 43, 1030 Bussigny",,,+41217025966,1011
Les Amis,"Chemin de Villars 1, 1030 Bussigny",info@les-amis.ch,,+41217012318,1011
SUSHIZEN Nyon,"Rue de la Morâche 6, 1260 Nyon",administration@sushizen.ch,,+41223620738,1011
Nema Café,"Blvd de l'Arc-en-Ciel 1, 1030 Bussigny",,,+41217012455,1011
Café Partenaire SA,"Route de Denges 28G, 1027 Lonay",info@cafepartenaire.ch,http://www.cafepartenaire.ch/,+41218023232,1011
Prodio Light Sàrl,"Route de Fenil 16, 1804 Corsier-sur-Vevey",info@prodiolight.ch,http://www.prodiolight.ch/,+41213208282,1011
Chaplin's World,"Route de Fenil 2, 1804 Corsier-sur-Vevey",contact@chaplinsworld.com,http://www.chaplinsworld.com/,+41842422422,1011
Confident- Cabinet dentaire Vasco Dias,"Route des Flumeaux 1, 1008 Prilly",,http://www.confident-dias.ch/,+41216244715,1011
Cételle,"Grand'Rue 1, 1091 Grandvaux",cetelle@bluewin.ch,http://www.cetelle.ch/,+41217917421,1011
Clinique La Métairie Sàrl,"Avenue de Bois-Bougy 8, 1260 Nyon",info@lametairie.ch,http://www.lametairie.ch/,+41223632020,1011
Ilot du Parc,"Route de Taillepied 125, 1095 Lutry",info@ilotduparc.ch,https://www.ilot-du-parc.ch/,+41217960111,1011
SRB Automobile,"Route d'Allaman 37, 1163 Etoy",mb@srbautomobile.ch,,+41218010833,1011
Lionel Meylan SA,"Rue de Lausanne 14, 1800 Vevey",info@lionel-meylan.ch,https://www.lionel-meylan.ch/,+41219255052,1011
Lionel Meylan SA,"Rue des Deux-Marchés 34, 1800 Vevey",galerie@lionel-meylan.ch,http://www.lionel-meylan.ch/,+41219255051,1011
Emery SA,"Route Suisse 10, 1163 Etoy",emeryetfils.sa@gmail.com,http://www.emery-decoration-meubles-etoy.ch/,+41218073213,1011
Atelier Seventies FM Corp,"Rue des Artisans 10, 1148 L'Isle",,http://www.atelier-seventies.ch/,+41788088570,1011
Brasier François SA,"Mont de Faux 1, 1029 Villars-Ste-Croix",lausanne@brasier-sa.com,,+41216376630,1011
Compondu Pierre-Alain,"Chemin de la Lovettaz 1A, 1036 Sullens",pa@compondu-ebeniste.ch,,+41765814731,1011